SKU,VT-CFRA-0000432,VT-CFRA-0000430,VT-CFRA-0000029,VT-CFRA-0004310,,VT-CFRA-000056,VT-CFRA-0000993,VT-DULC-0000904,VT-DULC-0000902,VT-DULC-0000901,VT-DULC-0000900,VT-DULC-0000905,,VT-CENV-0000446,VT-CENV-0000454,VT-CENV-0000448,VT-CENV-0000462,VT-CENV-0001012,VT-CENV-0000449,VT-CENV-0001012,VT-CGRA-0000400,,,VT-CENV-0000413,VT-CENV-0000414,VT-CENV-0000448,VT-CENV-0000449,VT-CENV-0000450,VT-CENV-0000492,VT-CENV-0000413,VT-CENV-0000414,VT-CENV-0000415,VN-CPOL-0000004
PRODUCTOS,FRASCO NUICCIOLA 380 GR,FRASCO MARROC 380 GR,FRASCO CREMA PISTACHO,LICOR DE CHOCOLATE BOTELLA,LICOR IRLANDES BOTELLA (no se elabora),LICOR DDL BOTELLA,JUGO DE FRAM/FRUT BOTELLA,DULCE SAUCO 420gr VB,DULCE FRUTILLA 420gr VB,DULCE MOSQUETA 420gr VB,DULCE FRAMBUESA  420gr VB,DULCE FRUTOS DEL BOSQUE VB,CHOCOLATADA,Surtido 95 Bche,Surtido 210 Bche,Surtido 250 Bche,Surtido 350 Bche,Surtido 430 Bche,Surtido 500 Bche,Surtido 560 Bche,Surtido 1 kg Bche,MEK Bche,Trufa x1 Bche,BOMBON x16 Bche,BOMBON x32 Bche,SURTIDO 250 BS AS,SURTIDO 500 BS AS,SURTIDO 1 Kg BS AS,MEK BS AS,Trufa x3 BS AS/Bche,Trufa x10 BS AS/Bche,Trufa x15 BS AS/Bche,CAFE TOSTADO CONFI x 1 kg
Stock max mensual,102,94,86,276,no hay producción,192,67,146,146,152,402,114,no hay producción,177,237,184,92,84,119,63,27,8,,28,23,654,664,87,42,145,247,173,500
Stock min semanal,51,47,43,138,no hay producción,96,34,73,73,76,201,57,no hay producción,89,119,92,46,42,59,32,13,4,,14,12,327,332,43,11,73,123,87,300
6/6/2023,36,0,,125,,,11,0,0,0,0,,,,,,,,,,,,,,,,,,,,,,
6/14/2023,,,,87,,,0,0,0,0,0,,,,,,,,,,,,,,,,,,,,,,
6/16/2023,,,,,,,,,,,,,,,,,,,,,,,,,,,,,,,,,
6/19/2023,0,0,,71,,,0,0,0,0,0,,,,,,,,,,,,,,,,,,,,,,
6/22/2023,0,0,,46,,,0,0,0,0,0,,,,,,,,,,,,,,,,,,,,,,
6/23/2023,,,,34,,,,,,,,,,,,,,,,,,,,,,,,,,,,,
6/26/2023,0,0,,30, ,,0,0,0,0,0,,,,,,,,,,,,,,,,,,,,,,
6/27/2023,0,0,,14,,,0,0,0,0,0,,,,,,,,,,,,,,,,,,,,,,
6/28/2023,0,0,,14,,,0,0,0,0,0,,,,,,,,,,,,,,,,,,,,,,
6/29/2023,0,0,,14,,,0,0,0,0,0,,,,,,,,,,,,,,,,,,,,,,
6/30/2023,0,0,,0,,,0,0,0,0,0,,,,,,,,,,,,,,,,,,,,,,
,,,,,,,,,,,,,,,,,,,,,,,,,,,,,,,,,
7/3/2023,0,0,,0,,,0,0,0,0,0,,,,,,,,,,,,,,,,,,,,,,
7/4/2023,0,0,,0,,,7,0,0,0,0,,,,,,,,,,,,,,,,,,,,,,
7/5/2023,0,0,,0,,,15,0,0,0,0,,,,,,,,,,,,,,,,,,,,,,
7/6/2023,0,0,,37,,,18,0,0,0,0,,,,,,,,,,,,,,,,,,,,,,
7/7/2023,0,0,,56,,,6,0,0,0,0,,,,,,,,,,,,,,,,,,,,,,
7/10/2023,0,0,,42,,,0,0,0,0,0,,,,,,,,,,,,,,,,,,,,,,
7/11/2023,0,0,,48,,,0,0,0,0,0,,,,,,,,,,,,,,,,,,,,,,
7/13/2023,0,0,,74,,,0,0,0,0,0,,,,,,,,,,,,,,,,,,,,,,
7/14/2023,0,0,,57,,,0,0,0,0,0,,,,,,,,,,,,,,,,,,,,,,
7/17/2023,0,0,,65,,,0,0,0,0,0,,,,,,,,,,,,,,,,,,,,,,
7/18/2023,0,0,,65,,,0,0,0,0,0,,,,,,,,,,,,,,,,,,,,,,
7/20/2023,0,0,,27,,,0,0,0,0,0,,,,,,,,,,,,,,,,,,,,,,
7/21/2023,0,0,,0,,,16,0,0,0,0,,,,,,,,,,,,,,,,,,,,,,
7/24/2023,0,0,,0,,,17,0,0,0,0,,,,,,,,,,,,,,,,,,,,,,
7/25/2023,0,0,,0,,,2,0,0,0,0,,,,,,,,,,,,,,,,,,,,,,
7/26/2023,0,0,,0,,,12,0,0,0,0,,,,,,,,,,,,,,,,,,,,,,
7/27/2023,0,0,,0,,,14,0,0,0,0,,,,,,,,,,,,,,,,,,,,,,
7/28/2023,0,0,,0,,,11,0,0,0,0,,,,,,,,,,,,,,,,,,,,,,
7/31/2023,0,0,,0,,,10,0,0,0,0,,,,,,,,,,,,,,,,,,,,,,
8/1/2023,0,0,,0,,,10,0,0,0,0,,,,,,,,,,,,,,,,,,,,,,
8/2/2023,0,0,,0,,,10,0,0,0,0,,,,,,,,,,,,,,,,,,,,,,
8/3/2023,0,0,,0,,,4,0,0,0,0,,,,,,,,,,,,,,,,,,,,,,
8/4/2023,0,0,,0,,,0,0,0,0,0,,,,,,,,,,,,,,,,,,,,,,
8/7/2023,0,0,,0,,,0,0,0,0,0,,,,,,,,,,,,,,,,,,,,,,
8/8/2023,0,0,,20,,,0,0,0,0,0,,,,,,,,,,,,,,,,,,,,,,
8/9/2023,0,0,,0,,,0,0,0,0,0,,,,,,,,,,,,,,,,,,,,,,
8/10/2023,0,0,,0,,,0,0,0,0,0,,,,,,,,,,,,,,,,,,,,,,
8/11/2023,0,0,,0,,,0,0,0,0,0,,,,,,,,,,,,,,,,,,,,,,
8/14/2023,0,0,,0,,,0,0,0,0,0,,,,,,,,,,,,,,,,,,,,,,
8/15/2023,0,0,,50,,,0,0,0,0,0,,,,,,,,,,,,,,,,,,,,,,
8/16/2023,0,0,,50,,,0,0,0,0,0,,,,,,,,,,,,,,,,,,,,,,
8/17/2023,0,0,,25,,,0,0,0,0,0,,,,,,,,,,,,,,,,,,,,,,
8/18/2023,0,0,,19,,,0,0,0,0,0,,,,,,,,,,,,,,,,,,,,,,
8/22/2023,0,0,,5,,,39,0,0,0,0,,,,,,,,,,,,,,,,,,,,,,
8/23/2023,0,0,,4,,,32,0,0,0,0,,,,,,,,,,,,,,,,,,,,,,
8/24/2023,0,0,,37,,,5,0,0,0,0,,,,,,,,,,,,,,,,,,,,,,
8/25/2023,0,0,,32,,,17,0,0,0,0,,,,,,,,,,,,,,,,,,,,,,
8/28/2023,108,0,,12,,,10,0,0,0,0,,,,,,,,,,,,,,,,,,,,,,
8/29/2023,81,0,,12,,,10,0,0,0,0,,,,,,,,,,,,,,,,,,,,,,
8/30/2023,130,0,,12,,,10,0,0,0,0,,,,,,,,,,,,,,,,,,,,,,
8/31/2023,109,0,,4,,,10,0,0,0,0,,,,,,,,,,,,,,,,,,,,,,
9/1/2023,99,0,,15,,,5,0,0,0,0,,,,,,,,,,,,,,,,,,,,,,
9/4/2023,91,0,,0,,,10,0,0,0,0,,,,,,,,,,,,,,,,,,,,,,
9/5/2023,81,0,,37,,,10,0,0,0,0,,,,,,,,,,,,,,,,,,,,,,
9/6/2023,79,0,,50,,,10,0,0,0,0,,,,,,,,,,,,,,,,,,,,,,
9/7/2023,75,0,,48,,,19,0,0,0,0,,,,,,,,,,,,,,,,,,,,,,
9/8/2023,104,0,,20,,,19,0,0,0,0,,,,,,,,,,,,,,,,,,,,,,
9/11/2023,184,0,,20,,,0,0,0,0,0,,,,,,,,,,,,,,,,,,,,,,
9/12/2023,195,0,,20,,,4,0,0,0,0,,,,,,,,,,,,,,,,,,,,,,
9/13/2023,194,0,,33,,,4,0,0,0,0,,,,,,,,,,,,,,,,,,,,,,
9/14/2023,187,0,,35,,,0,0,0,0,0,,,,,,,,,,,,,,,,,,,,,,
9/15/2023,178,0,,35,,,0,0,0,0,0,,,,,,,,,,,,,,,,,,,,,,
9/18/2023,178,0,,17,,,0,0,0,0,0,,,,,,,,,,,,,,,,,,,,,,
9/19/2023,168,0,,17,,,27,0,0,0,0,,,,,,,,,,,,,,,,,,,,,,
9/20/2023,168,0,,17,,,27,0,0,0,0,,,,,,,,,,,,,,,,,,,,,,
21/9/2023,157,0,,2,,,43,0,0,0,0,,,,,,,,,,,,,,,,,,,,,,
22/9/2023,147,0,,0,,,53,0,0,0,36,,,,,,,,,,,,,,,,,,,,,,
25/9/2023,147,0,,10,,,5,0,0,0,36,,,,,,,,,,,,,,,,,,,,,,
26/9/2023,139,0,,47,,,63,0,0,0,36,,,,,,,,,,,,,,,,,,,,,,
27/9/2023,135,0,,47,,,63,0,0,0,36,,,,,,,,,,,,,,,,,,,,,,
28/9/2023,126,0,,65,,,61,0,0,0,36,,,,,,,,,,,,,,,,,,,,,,
29/9/2023,127,0,,47,,,45,0,0,0,75,,,,,,,,,,,,,,,,,,,,,,
2/10/2023,121,0,,47,,,41,0,0,0,75,,,,,,,,,,,,,,,,,,,,,,
3/10/2023,121,0,,47,,,45,0,0,0,102,,,,,,,,,,,,,,,,,,,,,,
4/10/2023,116,0,,29,,,53,0,0,0,99,,,,,,,,,,,,,,,,,,,,,,
5/10/2023,105,0,,37,,,66,0,0,0,96,,,,,,,,,,,,,,,0,1,0,0,,,,
6/10/2023,95,0,,25,,,61,0,0,0,78,,,,,,,,,,,,,,,,,,,,,,
7/10/2023,,,,,,,,,,,,,,,,,,,,,,,,,,,,,,,,,
8/10/2023,,,,,,,,,,,,,,,,,,,,,,,,,,,,,,,,,
9/10/2023,90,0,,18,,,61,16,0,0,78,,,,,,,,,,,,,,,,,,,,,,
10/10/2023,80,0,,18,,,61,16,0,0,78,,,17,29,17,,19,4,23,4,11,,,,30,55,0,0,,,,
11/10/2023,79,0,,18,,,59,8,0,0,70,,,11,17,2,,19,,23,9,11,,,,70,90,5,10,,,,
12/10/2023,72,0,,50,,,59,8,0,0,70,,,,9,,,,,12,8,11,,,,39,92,0,10,7,0,0,
13/10/2023,65,0,,46,,,58,4,0,0,57,,,4,1,23,,,10,12,3,11,,,,84,92,0,10,7,0,0,
17/10/2023,53,0,,36,,,68,0,0,0,30,,,20,10,,,,,12,0,0,0,,,40,75,0,52,7,0,0,
18/10/2023,52,0,,36,,,58,0,0,0,31,,,,,,,,,,,,,,,,,,,,,,
19/10/2023,47,0,,36,,,63,0,0,0,31,,,16,,,,10,,12,2,,,,,26,72,8,51,7,0,8,
20/10/23,40,0,,27,,,45,0,0,0,7,,,38,0,32,,6,0,12,0,4,0,,,16,5,8,42,0,0,8,
23/10/23,30,0,,28,,,42,0,0,0,42,,,23,0,19,,6,0,12,0,5,0,,,20,25,9,40,0,0,0,
24/10/23,19,0,,52,,,54,0,0,0,0,,,32,5,13,,16,2,12,12,0,0,,,20,20,9,34,0,10,0,
25/10/23,19,0,,52,,,54,14,0,0,0,,,31,5,3,,16,0,12,8,0,0,,,20,20,9,40,0,0,0,
26/10/23,12,0,,32,,,54,51,0,0,0,,,31,5,3,,16,0,12,8,0,0,,,20,19,9,38,1,0,0,
27/10/23,5,0,,37,,,51,32,0,16,0,,,26,0,0,,16,0,12,8,0,0,,,13,1,9,30,0,0,0,
30/10/23,10,0,,37,,,32,29,0,41,0,,,18,0,0,,8,0,4,8,0,0,,,13,0,9,30,0,0,0,
31/10/23,5,0,,37,,,47,23,0,35,20,,,18,0,0,,0,0,4,8,0,0,,,13,10,9,22,0,0,0,
1/11/23,0,0,,37,,,61,17,0,35,49,,,12,9,0,,0,0,0,8,0,3,,,13,18,9,27,6,0,0,
2/11/23,0,0,,31,,,64,14,10,29,41,,,8,0,6,8,0,5,0,8,0,0,,,0,7,9,24,0,0,0,
3/11/23,40,0,,25,,,51,0,0,9,30,,,0,0,0,8,0,2,0,3,0,0,,,0,0,9,21,10,0,0,
6/11/23,82,0,,17,,,51,0,0,9,18,,,0,0,0,0,0,0,0,0,0,0,,,1,0,9,14,10,0,0,
7/11/23,118,0,,17,,,51,0,0,9,0,,,2,0,4,7,6,0,0,0,0,0,,,21,9,9,14,10,0,0,
8/11/23,180,0,,17,,,51,0,0,4,0,,,0,0,0,7,0,0,0,0,0,0,,,3,8,9,9,4,0,0,
9/11/23,176,0,,17,,,51,0,0,4,0,,,4,0,10,2,0,0,2,5,0,0,,,0,0,9,7,5,0,0,
10/11/23,171,0,,27,,,43,0,0,0,0,,,4,7,10,2,0,0,0,1,0,0,,,0,0,1,7,0,0,0,
13/11/23,163,0,,41,,,43,0,0,0,0,,,4,1,0,0,0,0,0,2,0,5,,,5,0,9,7,0,5,10,
14/11/23,151,0,,40,,,43,0,0,0,0,,,4,0,0,0,0,2,0,0,6,5,,,5,0,9,7,0,5,10,
15/11/23,148,0,,40,,,43,21,0,0,8,,,0,0,0,6,2,0,6,6,6,9,,,0,0,9,0,0,0,0,
16/11/23,144,0,,34,,,43,16,0,0,8,,,6,0,5,0,0,0,0,2,6,5,,,0,15,9,0,0,0,0,
17/11/23,127,0,,25,,,37,0,0,0,0,,,0,0,0,0,2,0,0,10,6,5,,,7,3,9,0,0,0,0,
21/11/23,127,0,,42,,,34,0,0,0,0,,,10,0,10,0,6,6,0,5,6,0,,,6,0,9,0,5,0,0,
22/11/23,120,0,,42,,,34,0,0,0,0,,,7,0,6,0,0,3,0,0,6,5,,,0,0,9,0,0,0,0,
23/11/23,115,0,,36,,,31,0,0,0,0,,,6,0,2,0,0,3,0,5,2,2,,,20,20,9,0,10,0,0,
24/11/23,112,0,,26,,,31,0,0,0,0,,,0,5,0,0,5,0,0,5,2,2,,,0,0,9,0,0,0,0,
27/11/23,112,0,,26,,,6,0,0,0,0,,,0,0,0,,0,10,0,5,2,2,,,0,0,9,0,0,0,0,
28/11/23,111,0,,26,,,42,0,0,0,0,,,20,0,10,,0,15,0,5,2,2,,,10,20,9,0,0,0,0,
29/11/23,101,0,,25,,,40,0,0,18,0,,,14,10,0,,0,0,0,5,2,2,,,0,0,9,0,3,0,0,
30/11/23,95,0,,26,,,40,0,0,18,24,,,9,0,7,,0,5,0,1,0,2,,,0,20,9,0,12,0,0,
01/12/23,88,0,,20,,,24,0,0,0,6,,,1,0,12,,0,0,0,0,0,2,,,4,21,9,0,6,0,0,
04/12/23,,,,,,,,,,,,,,,,,,,,,,,,,,,,,,,,,
05/12/23,66,0,,42,,,20,0,0,0,0,,,0,0,0,,0,4,0,2,0,0,,,13,28,9,0,0,0,0,
06/12/23,65,0,,43,,,20,0,0,0,32,,,17,2,0,,0,5,0,0,0,2,,,7,28,9,0,6,0,0,
07/12/23,60,0,,43,,,20,0,0,0,0,,,13,0,15,,0,10,0,9,0,2,,,7,28,4,0,0,0,0,
11/12/23,54,0,,37,,,37,0,0,0,0,,,0,0,0,,5,2,0,0,0,2,,,15,0,4,0,5,0,4,
12/12/23,44,0,,37,,,26,0,0,0,0,,,0,0,0,,0,0,0,0,0,0,,,18,13,0,0,0,0,0,
13/12/23,42,0,,37,,,38,0,0,0,0,,,10,10,10,,0,6,0,0,0,0,,,29,10,0,0,0,0,25,
14/12/23,40,0,,37,,,33,0,0,0,0,,,0,10,0,,0,10,0,0,0,0,,,11,6,0,0,10,0,0,
15/12/23,,,,,,,,,,,,,,,,,,,,,,,,,,,,,,,,,
18/12/23,32,0,,14,,,38,0,0,0,0,,,0,0,20,,0,5,0,0,0,0,,,10,0,0,0,0,0,0,
19/12/23,32,0,,14,,,43,0,0,0,0,,,0,0,0,,0,0,0,0,0,0,,,35,45,0,0,0,0,0,
20/12/23,23,0,,14,,,40,0,0,0,0,,,6,20,20,,20,20,0,0,0,0,,,3,0,0,0,4,0,0,
21/12/23,14,0,,14,,,55,0,0,0,0,,,0,0,0,,10,20,0,0,0,0,,,0,0,0,0,0,0,0,
22/12/23,5,0,,12,,,72,0,0,0,33,,,0,0,0,,13,0,0,0,0,0,,,0,0,0,0,0,0,0,
26/12/23,4,0,,0,,,70,12,0,0,42,,,0,6,2,,13,0,0,0,0,0,,,10,1,0,0,7,0,20,
27/12/23,2,0,,0,,,67,0,0,23,38,,,0,5,0,,13,0,0,3,0,0,,,0,5,0,0,22,0,7,
28/12/23,0,0,,0,,,66,0,4,21,38,,,0,20,13,,15,11,10,6,0,0,,,0,0,0,0,14,0,0,
29/12/23,0,0,,0,,,60,0,0,5,47,,,0,10,0,,15,16,2,6,0,0,,,30,20,0,0,10,0,0,
02/01/24,0,0,,0,,,60,0,0,0,52,,,0,3,5,20,11,14,0,11,0,0,,,7,4,0,0,8,0,22,
03/01/24,0,0,,0,,,58,0,0,0,86,,,0,20,0,16,2,7,0,6,0,0,,,19,49,0,0,8,0,22,
04/01/24,0,0,,0,,,58,0,0,0,110,,,0,11,9,12,6,6,0,6,0,0,,,44,57,0,0,4,0,9,
05/01/24,0,0,,0,,,43,0,0,0,116,,,0,20,0,0,0,0,0,0,0,0,,,65,79,0,0,0,0,4,
08/01/24,0,0,,0,,,41,25,1,29,112,,,0,6,0,0,0,0,0,0,0,0,,,159,127,0,0,16,0,13,
09/01/24,0,0,,0,,,38,13,0,46,92,,,0,0,0,0,0,0,0,0,0,0,,,91,109,0,0,20,0,9,
10/01/24,0,0,,0,,,46,10,0,82,87,,,0,0,15,0,0,20,0,4,0,0,,,109,124,0,0,19,0,8,
11/01/24,0,0,,0,,,54,37,0,82,87,,,0,8,10,0,0,12,0,4,0,0,,,103,116,0,0,8,0,4,
12/01/24,0,0,,0,,,55,36,31,75,77,,,0,9,2,0,10,0,0,0,0,0,,,94,108,0,0,18,0,14,
15/01/24,0,0,,0,,,53,17,22,48,62,,,0,0,20,0,2,0,0,5,0,0,,,94,108,0,0,18,0,14,
16/01/24,0,0,,0,,,67,11,22,42,47,,,0,9,14,0,2,10,2,5,0,0,,,94,108,0,0,18,0,25,
17/01/24,0,0,,0,,,65,10,60,37,44,,,5,10,15,0,0,9,0,5,0,0,,,90,108,0,20,37,0,42,
18/01/24,0,0,,40,,,63,10,68,37,44,,,26,20,26,0,5,9,5,1,5,0,,,77,94,0,15,30,5,29,
19/01/24,0,0,,40,,,55,3,54,31,27,,,27,13,22,0,10,1,5,2,10,0,,,70,92,0,11,28,0,28,
22/01/24,0,0,,82,,,45,0,51,52,39,,,27,15,16,13,0,10,10,2,10,0,5,,70,92,0,11,28,0,28,
23/01/24,0,0,,70,,,43,0,41,74,29,,,22,5,7,13,0,5,5,2,10,0,5,,40,52,0,0,28,0,38,
24/01/24,0,0,,68,,,41,1,47,68,62,,,21,5,6,13,0,4,5,2,10,0,1,,38,48,0,7,27,0,30,
25/01/24,0,0,,62,,,41,1,41,68,95,,,19,2,16,2,0,3,0,2,4,0,5,,34,36,0,5,25,0,21,
26/01/24,0,0,,49,,,36,0,27,43,103,,,19,0,8,0,0,0,0,2,3,0,2,,24,25,0,3,24,0,15,
29/01/24,0,0,,42,,,34,0,74,40,92,,,11,0,1,0,0,0,0,1,2,0,0,,20,18,0,3,22,0,17,
30/01/24,0,0,,38,,,28,0,76,23,77,,,0,28,0,10,0,11,0,1,2,0,0,,20,18,0,3,22,0,17,
31/01/24,0,0,,36,,,23,0,113,23,78,,,0,6,0,0,0,0,0,0,2,0,0,,20,18,0,2,20,0,15,
01/02/24,0,0,,30,,,20,0,109,58,74,,,2,20,0,0,0,1,0,0,0,0,0,,20,16,0,0,19,0,8,
02/02/24,0,0,,18,,,15,0,112,72,56,,,2,20,5,0,0,0,10,0,0,0,0,,20,16,0,0,15,0,7,
05/02/24,54,0,,11,,,0,0,101,58,24,,,12,8,10,0,2,11,8,5,0,0,1,,31,36,0,0,15,0,7,
06/02/24,113,0,,9,,,0,0,101,48,18,,,16,0,0,10,0,4,5,2,0,0,0,,31,36,0,17,16,0,7,
,,,,,,,,,,,,,,,,,,,,,,,,,,,,,,,,,
08/02/24,130,170,,0,,,0,0,90,35,5,,,13,0,10,13,0,16,0,0,0,0,0,,20,40,0,13,14,0,17,
09/02/24,110,150,,0,,,0,0,77,22,1,,,10,30,0,10,10,11,10,5,0,0,0,,35,34,0,11,14,0,17,
14/02/24,193,122,,0,,,0,0,55,0,0,,,16,0,64,16,0,44,10,5,9,0,0,,37,27,0,7,46,0,59,
15/02/24,231,108,,0,,,0,0,55,0,27,,,10,15,59,10,10,41,0,4,0,0,0,,50,18,0,8,46,0,53,
16/02/24,260,87,,0,,,0,0,36,0,62,,,38,0,44,11,6,36,0,0,0,0,0,,46,13,0,3,41,0,41,
19/02/24,211,283,,0,,,0,0,36,0,56,,,26,0,25,1,0,23,0,5,0,0,0,,42,11,0,3,41,0,41,
20/02/24,193,174,,0,,,0,0,29,0,99,,,13,13,8,9,0,19,0,4,0,0,0,,42,11,0,3,41,0,41,
21/02/24,192,280,,0,,,0,0,25,0,132,,,3,20,11,0,10,19,12,4,0,0,0,,37,8,0,2,33,0,37,
22/02/24,192,279,,0,,,0,0,22,0,134,,,27,17,10,16,2,9,4,4,0,0,0,,21,10,0,0,23,0,27,
23/02/24,177,266,,0,,,0,8,14,0,133,,,15,0,8,23,10,7,6,0,0,0,0,,2,0,0,0,13,0,10,
26/02/24,177,266,,0,,,0,24,0,61,136,,,0,0,0,23,5,5,1,5,0,0,0,,2,20,0,11,3,0,0,
27/02/24,176,260,,0,,,0,24,0,52,126,,,0,0,2,20,10,15,11,8,0,0,0,,22,21,0,10,3,0,0,
28/02/24,169,241,,39,,,0,18,0,49,125,,,21,0,4,17,5,6,11,7,0,0,0,,22,10,0,0,3,0,0,
,,,,,,,,,,,,,,,,,,,,,,,,,,,,,,,,,
01/02/24,162,238,,30,,,0,3,25,113,105,,,11,3,13,9,0,5,5,5,0,0,0,,18,18,0,0,4,0,0,
04/03/24,160,237,,13,,,0,0,78,96,89,,,12,10,10,1,0,0,0,3,0,0,0,,17,20,0,0,16,0,0,
05/03/24,159,237,,9,,,5,0,66,96,89,,,8,11,4,9,5,14,10,3,0,0,0,,13,12,0,0,13,0,5,
06/03/24,156,236,,9,,,7,0,102,92,88,25,2,11,26,24,23,0,5,10,3,0,0,0,,24,15,0,0,22,0,19,
07/03/24,154,232,,9,,,7,0,102,92,86,25,2,8,21,28,18,1,5,10,8,0,0,0,,2,0,0,0,13,0,10,
08/03/24,146,231,,0,,,0,0,93,106,68,25,2,25,15,10,16,12,0,7,5,0,0,0,,7,20,0,0,11,0,5,
,,,,,,,,,,,,,,,,,,,,,,,,,,,,,,,,,
13/03/24,139,228,,0,,,8,0,84,94,56,79,0,14,12,10,13,9,5,11,8,0,0,0,,10,10,0,0,13,10,1,
14/03/24,136,216,,0,,,30,0,84,94,50,113,0,24,21,11,13,14,5,11,7,0,0,0,,8,11,0,0,5,20,20,
15/03/24,123,222,,0,,,29,0,77,81,42,152,0,11,1,0,10,13,0,7,5,0,0,2,,6,10,0,0,0,16,18,
18/03/24,114,221,,50,,,18,0,85,53,11,152,0,0,2,6,6,3,6,4,3,0,0,0,,24,12,0,5,0,16,4,
,,,,,,,,,,,,,,,,,,,,,,,,,,,,,,,,,
20/03/24,110,217,,95,,,46,0,95,50,10,144,0,5,0,23,14,28,7,11,3,0,0,7,,12,28,0,7,5,28,11,
21/03/24,109,213,,114,,,46,0,96,36,29,153,0,11,0,19,14,18,2,11,3,0,0,7,,15,13,0,7,10,20,11,
22/03/24,102,207,,107,,,54,6,94,37,26,145,0,25,0,29,14,25,13,15,0,0,0,17,,14,0,0,5,22,20,11,
25/03/24,93,206,,101,,,92,58,80,36,10,152,0,11,0,13,20,17,4,10,0,0,0,16,,28,21,0,3,14,21,0,
26/03/24,100,206,,102,,,111,59,81,26,35,152,0,31,0,17,20,17,4,10,12,0,0,16,,10,5,0,9,6,10,10,
27/03/24,83,205,,91,,,110,52,75,23,75,152,0,25,0,27,14,13,10,28,11,0,0,14,,10,18,0,1,7,20,0,
28/03/24,81,202,,91,,,118,52,75,18,110,152,0,35,0,27,9,13,10,28,11,0,0,14,,0,0,0,1,0,2,0,
02/04/24,53,175,,67,,,101,52,65,89,63,122,0,5,0,0,0,0,0,0,3,0,0,4,,0,0,0,0,0,0,0,
03/04/24,40,156,,52,,,95,21,47,107,64,121,0,9,0,7,5,5,0,0,3,0,0,0,,0,9,0,0,0,0,0,
04/04/24,34,153,,51,,,115,16,52,142,60,121,0,16,0,0,13,19,11,4,5,0,0,0,,0,0,0,0,0,0,0,
05/04/24,33,152,,37,,,115,3,41,132,40,121,0,15,0,0,14,9,18,15,11,0,0,0,,6,32,0,0,0,0,0,
08/04/24,28,149,,32,,,116,2,71,120,33,121,0,5,0,6,9,4,35,12,11,0,0,0,,21,3,0,0,0,0,0,
09/04/24,28,149,,32,,,127,31,68,120,27,121,0,30,0,0,19,14,45,12,7,0,0,0,,10,1,0,0,5,5,3,
10/04/24,26,148,,27,,,127,26,68,120,63,121,0,30,0,11,19,19,42,7,9,0,0,0,,28,1,0,0,20,18,7,
11/04/24,217,141,,26,,,127,26,62,118,60,121,0,29,0,15,17,19,37,7,11,0,0,0,,2,20,0,0,8,8,2,
12/04/24,217,141,,5,,,119,50,57,113,56,121,0,19,0,5,17,19,37,7,11,0,0,10,,23,37,0,0,0,14,0,
15/04/24,211,139,,3,,,122,49,62,104,117,121,0,20,0,0,10,11,36,0,11,0,0,5,,33,37,0,0,5,14,20,
16/04/24,211,139,,41,,,113,49,62,104,117,115,0,10,0,4,10,11,36,0,11,0,0,5,,24,19,0,0,3,16,24,
17/04/24,210,138,,58,,,122,49,62,104,117,115,0,7,0,5,3,6,32,5,10,0,0,12,,51,17,0,0,4,10,20,
18/04/24,205,133,,58,,,122,49,60,104,116,115,0,17,0,15,3,6,32,10,10,0,0,12,,21,9,0,0,4,10,6,
19/04/24,202,129,,47,,,119,49,85,91,116,114,0,16,0,5,3,6,27,6,10,0,0,9,,23,0,0,0,4,10,10,
22/04/24,197,129,,45,,,112,28,108,84,90,108,0,15,0,10,10,11,22,1,10,0,0,4,,23,0,0,0,4,10,10,
23/04/24,197,128,,45,,,112,28,108,84,90,108,0,15,0,14,11,12,15,0,10,0,0,2,,33,20,0,0,4,0,0,
24/04/24,197,125,,44,,,106,27,108,83,90,108,0,15,0,14,11,12,15,10,10,0,0,0,,33,18,0,0,4,10,15,
25/04/24,190,121,,66,,,110,23,103,78,85,103,0,10,0,12,1,6,6,12,10,0,0,0,,12,0,0,0,0,0,0,
26/04/24,186,128,,66,,,110,23,103,78,85,103,0,10,0,14,11,9,6,14,10,0,0,0,,5,0,0,0,0,0,0,
29/04/24,226,128,,59,,,105,13,88,62,58,103,0,10,0,13,3,6,2,10,7,0,0,0,,5,0,0,0,0,0,0,
30/04/24,181,128,,59,,,105,13,88,62,58,103,0,0,0,8,8,6,2,10,7,0,0,0,,4,5,0,0,0,0,0,
02/05/24,179,128,,56,,,109,40,88,62,58,101,0,17,0,7,8,3,7,10,0,0,0,0,,5,0,0,0,0,0,0,
03/05/24,161,117,,47,,,105,36,84,55,89,96,0,9,0,10,8,13,7,10,0,0,0,0,,10,29,0,0,0,0,0,
06/05/24,157,116,,33,,,100,29,67,38,89,96,0,9,0,5,14,9,0,6,0,0,0,5,,19,18,0,0,9,19,0,
07/05/24,157,111,,32,,,100,27,67,68,89,95,0,9,0,11,19,9,8,8,0,0,0,5,0,4,18,0,0,5,10,0,
08/05/24,155,110,,32,,,100,27,65,68,89,95,0,9,0,0,14,9,8,6,0,0,0,1,0,0,0,0,0,10,10,0,
09/05/24,149,104,,32,,,100,27,65,68,89,95,0,14,0,7,14,6,2,6,0,0,0,7,0,20,20,0,0,0,0,0,
10/05/24,144,98,,32,,,100,51,64,66,89,94,0,12,0,10,14,6,10,6,0,0,0,7,0,4,5,0,0,10,10,0,
13/05/24,140,97,,21,,,88,41,59,51,63,94,0,7,0,7,14,3,10,3,0,0,0,2,0,20,18,0,0,8,6,0,
14/05/24,140,99,,20,,,88,42,59,51,88,94,0,3,0,0,11,3,0,3,0,0,0,2,0,20,20,0,0,4,0,0,
15/05/24,138,95,,15,,,88,42,54,80,82,89,0,5,0,10,11,3,9,8,0,0,0,0,0,0,10,0,0,8,20,20,
16/05/24,126,93,,15,,,88,39,54,80,82,89,0,11,0,7,8,8,9,5,0,0,0,0,0,14,2,0,0,5,17,14,
17/05/24,108,93,,,,,83,34,40,68,73,85,0,9,0,4,11,8,7,5,0,0,0,0,0,3,15,0,0,20,10,10,
20/05/24,128,89,,56,,,83,25,37,60,49,85,0,0,0,10,7,8,14,7,0,0,0,0,0,0,2,0,0,17,0,2,
21/05/24,127,88,,56,,,83,30,37,60,49,85,0,15,0,7,4,8,14,7,0,0,0,0,0,25,0,0,0,0,0,10,
22/05/24,119,86,,63,,,83,25,37,60,49,85,0,0,10,10,10,10,14,7,0,0,0,0,0,0,0,0,0,17,6,2,
23/05/24,113,82,,116,,,79,25,61,60,45,85,0,9,0,12,14,9,14,17,0,0,0,0,0,0,0,0,0,0,0,0,
24/05/24,108,78,,111,,,79,24,61,58,42,83,0,6,0,7,13,14,13,17,0,0,0,0,0,0,0,0,0,0,0,0,
27/05/24,106,76,,124,,,86,8,44,40,20,79,9,18,20,11,7,9,13,12,0,0,0,0,0,0,0,0,0,12,0,0,
28/05/24,106,76,,124,,,71,8,44,36,16,76,9,14,0,11,7,9,6,12,0,0,0,0,0,0,0,0,0,12,41,21,
29/05/24,101,73,,124,,,71,8,46,36,16,76,9,17,7,11,7,9,8,12,0,0,0,0,0,13,16,0,0,,,,
30/05/24,94,70,,120,34,50,71,8,40,36,16,76,9,14,3,11,4,5,8,12,0,0,0,0,0,0,6,0,0,44,59,59,
31/05/24,89,67,,110,77,62,66,0,30,22,0,74,10,12,15,16,17,12,14,12,0,0,0,0,0,0,0,0,0,39,56,48,
03/06/24,84,62,,86,30,80,65,0,30,17,0,73,10,,,,,,,,0,0,0,0,0,54,59,0,0,37,52,61,
04/06/24,84,56,,76,20,69,65,0,26,17,0,72,10,17,15,18,21,8,19,8,0,0,0,0,0,29,35,0,0,37,56,ver,
05/06/24,79,54,,0,16,,65,0,26,16,49,70,10,12,11,12,18,8,17,8,0,0,0,0,0,79,77,0,0,46,86,79,
06/06/24,90,60,,0,16,0,65,44,27,13,48,70,10,11,11,12,17,8,17,8,0,0,0,0,0,26,60,0,0,33,74,69,
07/06/24,67,46,,0,11,0,56,30,13,59,28,70,10,15,21,12,13,8,18,8,0,0,0,6,0,26,47,0,0,21,59,59,
11/06/24,55,45,,56,21,0,56,22,8,50,11,63,10,15,22,8,10,4,19,0,0,0,0,13,0,30,67,0,0,29,45,42,
12/06/24,53,45,,71,0,0,56,22,8,50,46,63,10,15,18,18,10,13,19,6,0,0,0,10,0,26,73,0,0,19,55,62,
13/06/24,43,40,,63,0,37,52,20,8,48,46,63,10,11,10,18,10,9,19,3,5,0,0,7,3,16,52,0,0,15,46,51,
14/06/24,32,32,,63,10,37,52,20,8,46,44,63,10,4,5,10,8,9,12,3,0,0,0,7,0,40,21,0,0,12,35,47,
18/06/24,26,32,,63,0,13,40,0,0,14,0,52,10,14,3,5,12,3,12,12,0,0,0,0,0,43,12,0,0,12,26,42,
19/06/24,26,31,,62,0,13,40,0,0,14,0,52,10,3,3,5,12,13,10,0,0,0,0,10,0,20,13,0,0,16,35,44,
24/06/24,0,11,,37,0,0,38,0,0,0,0,37,10,0,0,0,12,4,0,1,0,0,0,0,0,0,15,0,0,,51,27,
25/06/24,0,10,,30,0,0,28,0,0,0,0,23,10,5,4,0,9,10,2,0,0,0,0,2,0,0,10,0,0,0,0,0,
26/06/24,0,9,,24,0,0,0,0,0,0,0,18,0,5,1,0,9,10,0,2,0,0,0,0,0,10,2,0,0,0,0,0,
27/06/24,0,4,,19,0,0,0,0,0,0,31,18,0,4,3,8,4,7,5,13,0,0,0,6,0,0,1,0,0,0,0,0,
28/06/24,0,0,,16,0,0,0,0,0,0,20,17,0,0,10,10,4,4,10,12,0,0,0,0,0,40,25,0,0,16,35,42,
01/07/24,0,0,,11,0,0,0,11,0,32,17,17,0,11,0,1,10,0,6,7,0,0,0,5,0,46,13,0,0,8,39,30,
02/07/24,0,0,,4,0,0,0,7,0,32,33,17,0,15,17,18,15,0,3,7,0,0,0,2,0,13,0,0,0,15,29,13,
03/07/24,0,0,,3,0,0,0,0,17,29,30,17,0,6,4,13,20,10,16,4,0,0,0,0,0,0,0,0,0,19,0,0,
04/07/24,0,0,,0,0,0,0,0,49,25,30,17,0,26,24,12,15,15,14,10,0,0,0,0,0,0,0,0,0,4,0,5,
05/07/24,0,0,,0,0,0,0,0,30,34,0,16,0,14,12,0,12,15,9,7,0,0,0,2,0,10,45,0,0,0,0,21,
08/07/24,0,0,,0,0,0,0,0,34,29,0,16,0,16,21,16,17,10,13,2,0,0,0,5,0,0,0,0,0,6,1,20,
10/07/24,0,0,,22,0,6,0,0,21,27,21,5,0,13,10,0,17,10,12,0,0,0,0,0,0,0,3,0,0,15,6,22,
11/07/24,0,0,,17,0,1,0,15,21,21,21,5,0,17,5,0,12,5,12,0,0,0,0,0,0,0,0,0,0,10,0,17,
15/07/24,0,0,,0,0,0,0,0,17,19,0,0,0,8,1,10,0,5,4,13,0,0,0,0,0,27,27,0,0,2,9,0,
16/07/24,0,0,,0,0,0,0,0,7,9,26,0,0,0,0,0,7,0,0,7,0,0,0,0,0,0,2,0,0,0,0,0,
17/07/24,0,0,,4,0,0,0,0,2,3,14,0,0,0,0,0,2,0,0,3,0,0,0,0,0,0,0,0,0,0,0,0,
18/07/24,0,0,,29,0,0,0,0,1,0,13,0,0,10,20,0,0,10,10,0,0,0,0,0,0,10,2,0,0,10,10,10,
19/07/24,0,0,,19,0,10,0,24,0,0,0,0,0,0,0,0,15,0,0,0,0,0,0,0,0,30,10,0,0,10,9,10,
22/07/24,0,0,,0,0,20,0,0,0,0,0,0,0,7,2,0,0,0,10,0,0,0,0,12,4,59,42,0,0,8,22,17,
23/07/24,0,0,,15,0,14,8,0,0,0,0,0,0,0,0,0,0,5,0,8,0,0,0,6,0,20,30,0,0,0,0,0,
24/07/24,0,0,,20,0,10,0,0,0,0,0,0,0,9,0,0,14,0,18,0,0,0,0,10,5,7,18,0,0,8,0,0,
25/07/24,0,0,,12,0,2,0,0,0,0,22,0,0,5,7,0,9,0,10,0,0,0,0,4,5,3,20,0,0,0,16,24,
29/07/24,0,0,,0,0,0,0,0,0,0,28,0,0,0,0,0,2,0,0,0,0,0,0,0,0,0,4,0,0,4,0,0,
30/07/24,0,35,,0,0,0,0,0,0,0,16,0,0,0,17,0,14,0,0,0,0,0,0,0,0,7,4,0,0,0,0,14,
31/07/24,0,2,,0,0,0,0,0,0,9,5,0,0,14,0,0,14,16,0,0,0,0,0,16,0,7,4,0,0,3,1,10,
01/08/24,0,110,,0,0,0,5,0,0,29,14,0,0,7,5,1,6,7,0,2,0,0,0,4,0,5,0,0,0,0,0,0,
05/08/24,0,170,,0,0,0,0,41,0,6,0,0,0,31,11,14,23,6,0,6,0,0,0,11,4,30,19,0,0,7,13,15,
06/08/24,0,149,,7,0,0,0,30,0,0,19,0,0,17,0,29,25,6,9,3,0,0,0,3,0,29,13,0,0,,,,
07/08/24,0,142,,7,0,0,0,30,0,0,19,0,0,54,15,39,25,2,7,0,0,0,0,0,0,24,6,0,0,,,,
08/08/24,0,137,,23,0,0,1,22,0,0,70,0,0,54,9,39,25,0,7,0,0,0,0,4,4,55,22,0,0,19,14,45,
09/08/24,0,127,,64,0,0,0,22,0,0,67,0,0,45,0,27,25,0,0,0,0,0,0,0,0,19,0,0,0,14,0,18,
12/08/24,182,120,,57,0,0,0,0,0,35,16,0,0,53,0,34,17,0,15,0,0,0,0,0,0,29,20,0,0,8,14,33,
16/08/24,124,93,,67,0,26,0,0,0,34,0,0,0,24,0,4,8,0,6,5,0,0,0,0,0,26,20,0,0,16,14,5,
19/08/24,119,93,,46,0,9,0,0,0,29,27,0,0,8,0,0,12,0,0,0,0,0,0,0,0,28,20,0,0,12,10,9,
20/08/24,119,93,,44,0,7,0,0,0,28,15,0,0,0,0,1,12,0,10,2,0,0,0,0,0,45,28,0,0,3,4,5,
21/08/24,110,93,,44,0,6,0,0,0,25,40,0,0,6,1,13,12,4,19,5,0,0,0,1,0,43,41,0,0,0,0,2,
22/08/24,92,85,,44,0,5,0,0,0,20,52,0,0,3,0,11,4,0,19,0,0,0,0,1,0,4,3,0,0,0,0,2,
23/08/24,73,81,,43,0,5,0,0,0,20,75,0,0,9,6,9,4,0,15,0,0,0,0,5,0,0,0,0,0,3,0,0,
26/08/24,64,75,,22,0,0,0,0,0,0,21,0,0,1,0,0,4,0,0,0,0,0,0,0,0,7,8,0,0,10,19,12,
27/08/24,63,68,,22,0,0,0,15,0,0,21,0,0,0,0,0,0,0,0,0,0,0,0,0,0,0,7,0,0,7,8,4,
28/08/24,58,64,,13,0,0,7,7,0,0,9,0,0,0,0,0,0,0,0,0,0,0,0,0,0,30,57,0,0,10,5,13,
29/08/24,38,53,,5,0,0,0,2,0,0,9,0,0,13,6,0,12,0,0,2,0,0,0,0,2,2,5,0,0,11,0,0,
30/08/24,30,43,,23,0,0,16,0,0,28,4,0,0,,,,9,,,2,0,0,0,0,2,,,0,0,6,20,0,
04/09/24,13,35,,53,0,0,0,0,0,0,0,0,0,0,0,1,15,0,0,0,0,0,0,0,0,18,39,0,0,37,29,28,
05/09/24,1,27,,43,0,32,0,0,27,0,0,0,0,7,0,16,17,0,12,0,0,0,0,0,0,11,0,0,0,17,10,0,
06/09/24,0,20,,43,0,43,3,0,16,0,0,0,0,0,0,0,11,0,0,0,0,0,0,0,0,20,20,0,0,30,30,30,
09/09/24,0,15,,23,0,74,6,0,0,0,23,0,0,12,1,23,3,0,9,0,0,0,0,5,0,20,20,0,0,22,23,39,
10/09/24,0,9,,18,0,58,7,0,0,53,11,0,0,20,0,16,7,0,1,0,0,0,0,0,0,66,59,0,0,40,29,39,
11/09/24,0,5,,16,0,56,5,0,0,40,61,0,0,16,20,3,19,10,21,0,0,0,0,0,0,21,14,0,0,19,0,30,
16/09/24,0,0,,0,0,41,0,15,0,9,97,0,0,12,13,8,11,1,15,6,0,0,0,0,0,,16,0,0,13,0,32,
17/09/24,0,0,,0,0,41,14,36,0,0,86,0,0,5,0,13,11,0,10,8,0,0,0,0,0,,,0,0,,,,
18/09/24,0,0,,0,0,41,31,30,18,0,108,0,0,0,13,13,11,0,10,6,0,0,0,7,6,,,0,0,,,,
19/09/24,0,0,,34,0,41,31,30,18,0,107,0,0,17,25,31,25,15,9,11,0,0,0,8,0,0,0,0,0,24,28,46,
20/09/24,0,0,,66,0,24,14,6,0,0,65,0,0,6,3,14,16,12,0,11,0,0,0,1,0,6,23,0,0,21,22,37,
23/09/24,0,0,,90,0,16,4,0,0,26,57,0,0,15,12,10,8,4,16,3,0,0,0,0,0,20,48,0,0,15,45,40,
24/09/24,0,0,,90,0,0,2,0,0,15,107,0,0,7,10,1,8,4,4,3,0,0,0,0,0,39,48,0,0,15,49,37,
25/09/24,0,0,,90,0,10,2,0,21,14,105,0,0,26,0,22,12,4,6,3,0,0,0,0,0,,,,,,,,
26/09/24,0,0,,85,0,5,0,0,54,47,100,0,0,21,0,17,10,0,0,0,0,0,0,0,0,31,42,0,0,0,138,18,
27/09/24,0,0,,107,0,5,3,0,54,84,100,0,0,15,10,9,10,7,14,0,0,0,0,0,0,71,4,0,0,0,129,17,
30/09/24,0,0,,91,0,0,14,0,46,54,54,0,0,14,0,4,20,0,14,0,0,0,0,0,0,,,,,,,,
01/10/24,0,0,,90,0,0,13,0,45,53,45,0,0,0,7,2,15,0,3,7,0,0,0,0,0,0,0,0,0,0,0,0,
02/10/24,0,0,,90,0,0,13,0,43,32,67,0,0,4,21,4,15,0,0,4,0,0,0,0,0,,,,,,,,
03/10/24,0,0,,90,0,0,13,0,74,45,67,0,0,4,21,6,4,2,10,6,0,0,0,0,0,,,,,,,,
04/10/24,0,0,,89,0,0,0,0,31,17,22,0,0,0,5,0,7,0,1,0,0,0,0,0,0,,,,,,,,
07/10/24,0,0,,83,0,126,0,0,24,12,15,0,0,9,16,13,9,2,0,0,0,0,0,0,0,,,,,,,,
,,,,,,,,,,,,,,,,,,,,,,,,,,,,,,,,,
09/10/24,133,0,,79,0,123,6,0,14,38,4,0,0,21,0,0,19,18,2,10,0,0,,0,0,,,,,,,,
10/10/24,157,0,,72,0,123,11,0,14,34,2,0,0,34,28,4,13,6,7,4,0,0,0,0,0,,,,,,,,
14-10-24,146,0,,66,0,66,0,0,13,1,0,0,0,40,1,4,25,0,12,0,0,0,0,0,0,,,,,,,,
16/10/24,117,0,,60,0,117,0,0,3,0,0,0,0,28,7,0,22,0,0,0,0,0,0,0,0,,,,,,,,
17/10/24,105,0,,56,0,117,0,0,33,31,0,0,0,28,0,0,16,0,0,0,0,0,0,0,0,,37,0,0,,,0,
18/10/24,96,0,,54,0,117,17,0,26,23,0,0,0,0,0,0,0,0,0,0,0,0,0,0,0,4,50,0,0,,,,
21/10/24,89,0,,36,0,100,27,0,28,0,0,0,0,0,0,3,8,2,17,2,0,0,0,0,0,,,,,,,,
22/10/24,89,0,,46,0,108,27,0,28,0,0,0,0,8,0,0,8,2,12,12,0,0,0,0,0,,,,,,,,
23/10/24,79,0,,35,0,108,26,0,23,0,0,0,0,25,9,5,16,9,7,12,0,0,0,0,0,,,,,,,,
24/10/24,69,0,,45,0,108,27,44,18,0,0,0,0,24,29,25,10,1,17,6,0,0,0,0,0,,40,,,,,,
25/10/24,68,0,,45,0,108,12,72,2,0,0,0,0,5,10,1,10,1,0,3,0,0,0,0,0,,,,,,,,
28/10/24,63,0,,33,0,94,5,55,3,57,0,0,0,5,22,20,12,3,20,5,0,0,0,0,0,,,,,,,,
29/10/24,58,0,,33,0,94,5,62,0,86,0,0,0,10,10,20,7,3,10,5,0,0,0,0,0,,,,,,,,
30/10/24,55,0,,34,0,90,5,59,0,116,0,0,0,19,17,18,7,9,20,15,0,0,0,0,0,40,30,0,0,15,10,15,
31/10/24,45,0,,34,0,94,14,59,0,154,0,0,0,19,17,21,7,9,20,10,0,0,0,0,0,22,30,0,0,26,15,30,
01/11/24,30,0,,28,0,90,9,39,0,173,0,0,0,13,10,3,15,15,13,10,0,0,0,0,0,40,50,0,0,15,20,10,
04/11/24,35,0,,41,0,86,0,27,0,163,0,0,0,18,9,20,9,7,10,2,0,0,0,0,0,65,70,0,0,27,21,33,
05/11/24,35,0,,41,0,79,0,27,25,157,0,0,0,4,0,22,9,7,5,0,0,0,0,0,0,75,85,0,0,23,43,27,
06/11/24,32,0,,44,0,77,0,21,118,82,0,0,0,21,0,14,19,17,23,10,0,0,0,0,0,,,,,18,39,20,
07/11/24,20,0,,37,0,78,0,21,43,153,0,0,0,21,20,13,20,15,21,6,0,0,0,0,0,50,61,0,0,22,42,22,
08/11/24,9,0,,31,0,71,0,0,46,132,0,0,0,28,12,30,15,15,29,5,0,0,0,0,0,50,63,0,0,22,37,22,
11/11/24,10,0,,31,0,70,20,0,43,117,0,17,0,36,0,15,5,11,6,6,0,0,0,0,0,81,81,0,0,22,31,20,
12/11/24,10,0,,26,0,70,20,0,43,117,0,17,0,36,2,16,5,7,27,2,0,0,0,0,0,71,70,0,0,22,31,20,
13/11/24,0,0,,39,0,70,39,0,38,46,0,4,0,32,7,3,15,11,24,12,0,0,0,0,0,70,67,0,0,22,27,14,
14/11/24,0,0,,40,0,70,39,0,80,0,0,4,0,22,17,17,10,10,13,4,0,0,0,0,0,70,62,0,0,18,9,1,
15/11/24,0,0,,29,0,57,23,0,52,85,0,18,0,12,2,17,10,11,6,4,0,0,0,0,0,63,47,0,0,7,20,20,
19/11/24,0,0,,24,0,50,21,0,0,144,0,0,0,10,0,0,14,1,6,0,0,0,0,0,0,65,47,0,0,5,19,19,
20/11/24,0,0,,26,0,70,21,0,39,95,0,0,0,16,7,0,14,11,11,7,0,0,0,0,0,0,11,0,0,5,13,12,
21/11/24,0,0,,26,0,91,21,0,39,90,0,0,0,16,0,16,6,3,12,0,0,0,0,0,0,21,19,0,0,20,0,0,
22/11/24,0,0,,41,0,83,19,0,27,80,0,0,0,11,0,10,6,3,16,0,0,0,0,0,0,0,0,0,0,20,20,20,
25/11/24,0,0,,56,0,81,21,0,2,56,0,0,0,6,0,19,0,0,10,0,0,0,0,0,0,12,53,0,0,17,6,12,
26/11/24,0,48,,56,0,81,21,0,0,50,44,0,0,0,0,0,0,0,1,0,0,0,0,0,0,17,32,0,0,34,0,9,
27/11/24,0,217,,56,0,81,21,0,0,47,53,0,0,21,0,0,0,0,0,0,0,0,0,0,0,18,35,0,0,23,0,19,
28/11/24,0,214,,56,0,81,21,0,0,37,52,0,0,15,20,10,0,0,10,0,0,0,0,0,0,0,17,0,0,19,8,60,
29/11/24,0,205,,42,0,76,27,0,0,30,59,0,0,0,0,0,10,10,0,10,0,0,0,0,0,20,21,0,0,16,4,0,
03/12/24,0,188,,39,0,73,33,0,0,19,113,0,0,0,0,10,10,0,10,0,0,0,0,0,0,0,4,1,0,4,0,102,
04/12/12,207,172,,39,0,73,33,0,0,19,113,0,0,8,0,0,10,8,0,10,0,0,0,0,0,2,7,0,0,4,1,0,
05/12/24,197,168,,32,0,74,64,0,0,22,139,0,0,4,0,5,10,18,5,10,0,0,0,0,0,,6,,0,3,,,
06/12/24,,,,,,,,,,,,,,,,,,,,,,,,,,,,,,,,,
09/12/24,,,,,,,,,,,,,,,,,,,,,,,,,,,,,,,,,
10/12/24,179,149,,38,0,66,56,0,58,0,137,0,0,0,0,0,0,0,0,0,0,0,0,0,0,6,19,0,0,13,30,28,
11/12/24,171,143,,80,0,66,55,0,58,12,133,0,0,0,0,0,0,0,0,0,0,0,0,0,0,24,15,0,0,7,0,1,
12/12/24,155,129,,79,0,66,55,23,58,28,129,0,0,0,0,0,0,0,0,0,0,0,0,0,0,15,0,0,0,0,0,0,
13/12/24,144,119,,57,0,53,43,0,86,0,76,0,0,0,0,0,0,0,0,0,0,0,0,0,0,,,,0,0,3,5,
,,,,,,,,,,,,,,,,,,,,,,,,,,,,,,,,,
17/12/24,143,118,,56,0,51,35,0,47,0,73,0,0,0,0,0,5,0,2,0,0,0,0,0,0,0,2,0,0,0,26,20,
18/12/24,141,112,,66,0,51,42,27,78,0,68,0,0,1,0,18,9,0,2,0,0,0,0,2,0,26,5,0,11,1,6,4,
19/12/24,127,102,,50,0,51,38,62,78,0,68,0,0,21,35,17,10,0,2,0,0,0,0,2,0,26,34,0,7,24,29,19,
,,,,,,,,,,,,,,,,,,,,,,,,,,,,,,,,,
23/12/24,125,99,,64,0,44,40,62,77,66,58,0,0,40,20,20,17,0,12,2,0,0,0,13,,104,134,0,4,50,90,70,
26/12/24,107,82,,50,0,38,25,61,53,37,98,0,0,33,29,21,6,10,0,0,0,3,0,2,,83,46,0,3,28,32,45,
27/12/24,94,72,,52,0,38,21,54,48,33,44,0,0,16,8,8,3,0,0,2,0,0,0,0,0,124,49,0,0,37,54,51,
,,,,,,,,,,,,,,,,,,,,,,,,,,,,,,,,,
30/12/24,88,71,,57,0,36,7,26,30,9,56,0,0,41,12,36,7,0,9,4,0,0,0,0,0,74,44,0,0,36,70,63,
02/01/25,86,69,,31,0,31,14,19,23,0,74,0,0,38,17,28,15,0,4,2,0,0,0,0,0,94,64,0,0,31,70,62,
03/01/25,65,58,,55,0,31,14,13,14,36,96,0,0,23,0,8,17,6,4,0,0,0,0,0,0,37,40,0,0,41,59,67,
04/01/25,65,52,,59,0,24,8,5,10,36,103,34,0,18,26,0,9,0,7,0,4,0,0,10,0,36,15,0,0,33,56,48,
08/01/25,40,29,,59,0,24,18,0,0,59,154,34,0,1,6,30,14,12,18,16,0,0,0,9,0,49,52,0,0,69,59,61,
10/01/25,21,19,,,,,,0,0,94,70,34,0,41,7,15,14,18,0,0,1,0,0,0,0,46,18,0,0,51,45,52,
13/01/25,15,13,,,,,9,72,58,58,65,34,0,33,0,4,9,10,20,4,0,0,0,10,0,49,37,0,0,45,60,49,
15/01/25,1,1,,51,0,5,9,36,14,80,52,19,0,36,29,46,19,7,30,1,0,0,0,0,0,103,79,0,0,38,69,40,
20/01/25,0,0,,40,0,6,1,37,18,34,27,0,0,21,0,20,9,2,18,6,0,0,0,0,0,106,52,0,0,33,51,33,
21/01/25,0,VER,,37,0,0,0,VER,2,VER,VER,0,0,29,23,5,7,0,13,6,2,0,0,0,0,105,32,0,0,VER,VER,VER,
27/01725,0,123,,,,,,,17,,69,,,,,,,,12,,,,,,,,42,,,,6,,
28/01/25,29,233,,28,,,,,7,,63,,,1,5,,,,2,,,,,,,,,,,2,,,
29/01/25,54,210,,28,,,7,,5,,52,,,10,,27,3,,21,,3,,,,,,,,,,,,
30/01/25,42,193,,108,0,0,0,0,5,0,52,0,0,31,7,25,10,0,19,0,3,0,0,0,0,25,60,0,0,0,0,0,
31/01/25,,190,,131,0,0,0,0,4,0,49,0,0,15,0,0,6,0,11,0,3,0,0,0,0,27,21,0,0,20,20,0,
03/02/25,22,182,,164,,,9,,,,,,,6,0,0,0,0,39,0,0,0,0,0,0,,,,,11,13,0,
04/02/25,120,174,,122,0,42,0,0,0,0,21,0,0,20,0,0,0,0,0,0,0,0,0,0,0,16,22,0,0,27,37,7,
06/02/25,113,172,,122,0,44,0,0,0,0,72,0,0,21,0,15,3,0,0,0,0,0,0,0,0,15,40,0,0,41,21,17,
07/02/25,99,168,,120,0,42,0,0,0,0,68,0,0,39,0,28,16,2,6,0,0,0,0,0,0,23,6,0,0,28,11,14,
10/02/25,91,173,,105,0,62,17,0,64,0,64,0,0,21,0,2,3,0,0,0,0,0,0,0,0,23,55,0,0,25,12,34,
11/02/25,91,168,,95,0,54,0,0,0,0,85,0,0,9,40,0,13,10,0,0,5,0,0,0,0,30,53,0,0,29,34,44,
12/02/25,81,162,,95,0,54,0,0,0,0,105,0,0,9,10,0,9,5,0,0,0,0,0,0,0,70,70,0,0,25,20,54,
14/02/25,70,139,,88,0,48,17,0,0,0,125,0,0,5,20,20,23,5,22,15,0,0,0,0,0,40,37,0,0,16,27,28,
17/02/25,60,131,,100,0,45,22,0,0,0,133,0,0,19,0,10,12,0,28,9,0,0,0,0,0,10,28,0,0,12,17,21,
19/02/25,48,119,,93,0,50,32,0,27,0,224,0,0,24,43,56,26,9,32,9,0,0,0,0,0,62,44,0,0,36,58,64,
20/02/25,44,112,,92,0,52,22,36,33,0,129,0,0,24,15,8,22,10,30,0,0,0,0,0,0,86,67,0,0,33,45,59,
21/02/25,44,112,,92,0,52,22,36,33,0,129,0,0,24,15,8,22,10,30,0,0,0,0,0,0,86,67,0,0,33,45,59,
24/02/25,14,96,,71,0,18,0,64,0,0,248,0,0,9,15,29,17,13,21,2,0,0,0,0,0,29,22,0,0,23,35,52,
25/02/25,13,87,,104,0,17,5,0,0,0,85,0,0,26,32,38,29,10,35,0,0,0,0,0,0,35,59,0,0,46,46,49,
26/02/25,11,83,,103,0,103,2,47,0,0,167,0,0,46,47,38,27,16,30,0,0,0,0,0,0,84,67,0,0,75,72,96,
27/02/25,2,78,,102,0,64,0,55,0,0,163,0,0,41,39,38,31,20,30,12,0,0,0,0,0,43,50,0,0,49,83,81,
05/03/25,0,60,,85,0,90,0,28,0,0,116,0,0,18,0,4,41,0,7,2,0,0,0,0,0,36,56,0,0,2,34,36,
06/03/25,3,50,,85,0,93,0,0,17,0,136,0,0,16,10,14,30,10,9,0,0,0,0,0,0,41,20,0,0,14,14,56,
07/03/25,0,40,,72,0,65,0,5,7,0,84,0,0,3,6,28,30,10,4,12,0,0,0,0,0,20,I,0,0,10,I,I,
11/03/25,0,38,,69,0,73,0,21,24,0,69,0,0,7,0,27,24,0,0,19,0,0,0,0,0,6,21,0,0,14,5,55,
12/03/25,0,30,,104,0,59,0,15,24,0,65,0,0,9,0,16,16,11,20,0,0,0,0,0,0,4,40,0,0,8,18,12,
13/03/25,0,26,,116,0,57,0,34,21,0,62,7,0,0,12,13,19,0,16,4,0,0,0,0,0,4,2,0,0,4,20,50,
17/03/25,0,22,,92,0,75,0,0,0,0,21,11,0,16,19,40,8,9,0,0,0,0,0,12,0,39,10,0,0,0,37,17,
18/03/25,0,22,,62,0,109,0,0,0,0,44,11,0,0,0,15,8,0,19,4,0,0,0,0,0,36,30,0,0,20,27,35,
19/03/25,0,22,,62,0,100,0,0,0,0,44,0,0,6,8,12,8,9,21,0,0,0,0,0,0,33,18,0,0,0,11,31,
25/03/25,0,0,,55,0,79,0,0,0,0,43,0,0,22,0,26,26,0,0,0,0,0,0,0,0,30,27,0,0,41,20,45,
26/03/25,0,0,,49,0,80,0,0,0,0,39,0,0,28,0,23,25,0,14,0,0,0,0,14,0,35,14,0,0,26,5,37,
27/03/25,0,0,,49,0,82,0,0,0,0,105,0,0,95,0,17,25,0,14,0,0,0,0,13,0,25,30,0,0,36,0,33,
28/03/25,0,0,,44,0,82,0,89,0,51,98,0,0,17,0,1,25,0,4,0,0,0,0,8,0,151,51,0,0,35,31,14,
31/03/25,0,0,,30,0,81,0,63,0,23,61,0,0,11,0,0,21,0,0,0,0,0,0,2,0,100,114,0,0,12,18,8,
01/04/25,0,0,,8,0,92,0,63,0,24,97,0,0,12,0,3,17,0,0,0,0,0,0,0,0,109,124,0,0,10,0,0,
03/04/25,0,0,,26,0,67,0,61,20,62,90,0,0,25,0,13,11,0,9,0,0,0,0,0,0,91,128,0,0,18,15,12,
08/04/25,0,0,,22,0,101,0,40,42,16,38,0,0,26,12,21,6,0,0,0,0,0,0,0,0,64,97,0,0,18,76,40,
09/04/25,0,0,,120,0,58,0,97,27,13,35,0,0,21,18,18,7,0,0,0,0,0,0,0,0,55,5,0,0,12,53,29,
10/04/25,0,0,,101,0,58,0,121,40,13,35,0,0,36,12,16,0,0,0,0,0,0,0,0,0,16,0,0,0,1,20,2,
11/04/25,0,0,,105,0,51,0,98,97,0,22,0,0,24,1,0,15,13,9,8,0,0,0,2,9,47,103,0,0,0,13,0,
14/04/25,109,0,,84,0,49,0,92,109,0,1,0,0,23,18,0,19,14,9,8,0,0,0,2,10,122,79,0,0,0,9,2,
21/04/25,65,0,,112,0,102,0,87,110,0,15,0,0,10,0,20,6,0,0,9,0,0,0,5,2,5,14,0,0,31,0,10,
22/04/25,64,0,,146,0,107,0,59,131,0,48,0,0,0,0,9,33,0,0,10,0,0,0,0,0,6,2,0,0,0,14,9,
23/04/25,64,0,,158,0,115,0,75,160,0,46,0,0,18,4,15,37,20,18,3,0,0,0,0,0,30,0,0,0,21,13,9,
28/04/25,52,0,,110,0,108,0,39,142,0,28,0,0,11,0,8,29,12,2,11,0,0,0,0,0,0,0,0,0,18,0,0,
29/04/25,38,0,,127,0,106,22,32,127,0,23,0,0,9,0,2,24,15,2,5,0,0,0,0,0,2,0,0,0,18,0,0,
02/05/25,18,0,,124,0,72,0,0,138,0,37,0,0,9,0,29,30,18,7,13,0,0,0,0,0,50,23,0,0,6,74,15,
05/05/25,0,0,51,143,0,56,0,0,92,0,23,0,0,0,0,31,30,18,13,0,0,0,0,0,0,31,13,0,0,4,138,69,
06/06/25,0,0,51,139,0,59,0,0,93,0,55,0,0,19,20,29,22,10,0,5,0,0,0,0,0,0,35,0,0,0,59,52,
07/05/25,0,0,44,135,0,48,0,0,94,0,80,0,0,21,9,26,20,10,0,5,0,0,0,0,0,24,39,0,0,24,30,34,
08/05/25,0,0,44,139,0,47,0,0,94,0,77,0,0,16,0,34,22,18,28,5,0,0,0,0,0,0,0,0,0,0,45,86,
13/05/25,0,0,43,96,0,18,0,0,45,0,0,0,0,30,15,0,14,2,13,4,0,0,0,0,0,0,0,0,0,0,0,0,
15/05/25,0,0,43,0,0,19,0,0,45,153,0,103,0,20,5,0,14,0,0,0,0,0,0,0,0,0,0,0,0,0,0,0,
16/05/25,0,0,43,96,0,31,0,0,39,106,0,60,0,27,6,36,14,0,64,0,0,0,0,0,0,36,64,0,0,0,0,0,
19/05/25,0,0,34,67,0,25,6,0,13,112,1,50,0,31,13,32,11,0,53,0,0,0,0,0,0,62,8,0,0,6,121,28,
20/05/25,0,0,39,68,0,14,6,0,13,92,0,21,0,44,25,54,9,0,50,0,0,0,0,0,0,49,43,0,0,6,132,41,
21/05/25,0,0,-,78,0,72,0,0,0,89,0,20,0,33,22,60,9,0,0,0,0,0,0,0,0,60,47,0,0,22,47,40,
22/05/25,0,0,-,66,0,72,0,0,0,127,0,63,0,33,0,58,9,1,54,2,0,0,0,0,0,8,54,0,0,13,21,47,
23/05/25,0,0,-,108,0,70,54,0,0,129,0,98,0,21,10,68,9,1,48,2,0,0,0,0,0,4,3,0,0,8,27,82,
26/05/25,0,0,-,61,0,31,53,0,0,103,0,90,0,20,0,31,0,0,41,0,0,0,0,0,0,31,41,0,0,7,63,78,
27/05/25,63,0,24,57,0,21,72,0,0,128,0,84,0,20,9,31,0,8,41,0,0,0,0,0,0,31,41,0,0,7,98,80,
29/05/25,137,0,26,79,0,79,87,0,0,76,0,84,0,38,11,31,0,9,36,8,0,0,0,0,0,0,0,0,0,0,49,56,
02/06/25,113,0,-,20,0,0,86,0,0,57,0,0,0,26,8,11,12,4,26,8,0,0,0,0,0,0,0,0,0,29,27,31,
03/06/25,103,0,109,24,0,54,86,0,0,54,0,51,0,20,2,2,13,3,24,9,0,0,0,0,0,2,24,0,0,29,25,29,
04/06/25,101,0,-,30,0,30,86,0,0,50,0,49,0,16,0,0,0,0,23,7,0,0,0,0,0,50,50,0,0,22,9,20,
09/06/25,60,0,123,25,0,90,67,0,0,19,0,30,0,0,0,93,0,0,67,1,0,0,0,0,0,2,6,0,14,13,0,0,
10/06/25,52,0,-,37,0,37,68,0,0,11,0,22,0,7,0,79,2,2,51,0,0,0,0,0,0,52,56,0,0,11,44,57,
11/06/25,84,0,123,37,0,84,68,0,0,11,0,22,0,7,0,74,2,2,60,10,0,0,0,14,12,49,12,0,0,29,40,38,
12/06/25,57,0,119,79,0,22,66,0,0,65,0,20,0,0,0,72,0,0,60,10,0,0,0,20,22,91,36,0,0,9,40,22,
13/06/25,44,0,-,46,0,81,61,0,0,54,0,7,0,10,10,53,0,10,57,10,0,0,0,11,22,0,0,0,0,0,0,0,
23/06/25,23,0,-,68,0,113,32,0,0,15,0,0,0,12,13,50,5,0,43,10,0,0,0,10,9,30,10,0,0,0,0,10,
26/06/25,0,0,-,31,0,114,28,0,0,4,0,0,0,20,10,12,17,14,29,1,0,0,0,20,6,3,10,0,0,0,0,4,
30/06/25,0,0,-,11,0,71,11,0,0,56,0,0,0,3,0,7,12,0,21,3,0,0,0,3,0,0,21,0,5,54,40,50,
02/07/25,0,0,0,0,0,86,7,12,0,56,97,0,0,11,8,0,4,1,19,1,0,0,0,0,0,27,50,0,0,44,9,11,
04/07/25,0,0,0,0,0,74,5,10,10,30,75,0,0,93,9,1,4,10,18,10,0,0,0,0,0,0,18,0,0,0,0,0,
07/07/2025,0,0,0,13,0,48,2,0,0,0,72,0,0,1,7,7,0,0,15,0,0,0,0,0,0,90,50,0,0,12,18,0,
10/07/2025,101,0,0,0,0,42,0,0,0,29,61,0,0,0,16,0,0,0,4,0,2,0,0,3,5,90,55,0,0,0,0,30,
17/06/25,71,0,-,100,0,80,50,0,0,41,0,0,0,10,20,50,0,16,55,20,0,0,0,7,22,46,51,0,0,0,67,0,
23/07/25,100,100,242,9,0,0,0,0,0,26,3,0,0,2,0,0,0,0,0,0,0,0,0,0,0,0,0,0,0,15,0,0,
25/07/25,0,5,242,27,0,0,0,0,0,0,0,0,0,11,17,20,20,2,13,2,0,0,0,0,0,0,0,0,0,0,0,0,
29/07/25,0,68,225,15,0,0,0,0,0,0,0,0,0,0,0,0,0,0,0,0,0,0,0,0,0,0,0,0,0,7,0,0,
01/08/25,0,0,233,0,0,0,0,61,0,0,0,237,0,0,0,0,98,0,0,9,0,0,0,0,0,0,0,0,0,17,0,0,
04/08/25,0,0,0,0,0,35,0,0,0,0,0,206,0,8,0,0,72,0,0,0,23,0,0,27,0,0,0,0,0,0,0,0,
07/08/25,0,0,0,118,0,23,0,0,0,0,33,0,0,0,0,0,0,0,0,0,0,0,0,0,0,19,0,0,0,38,0,0,
08/08/25,,,,,,,,,,,,,,,,,,,,,,,,,,,83,,,34,40,28,
11/08/25,,,,,,,30,,,,,,,,,,,,,,,,,,,,,,,75,11,6,
12/08/25,,,,,,,30,,,,,,,,,,,,,,,,,,,,50,,,72,3,4,
13/08/25,,,,,,,,,,,,,,,,,,,,,,,,,,,26,,,19,,,
14/08/25,42,222,0,75,0,0,5,2,0,0,23,0,0,0,0,0,0,0,27,0,0,0,0,0,0,0,27,0,0,43,2,39,
15/08/25,0,217,201,57,0,40,0,0,0,0,10,3,0,69,1,59,30,0,18,0,0,0,0,0,12,0,10,0,0,39,0,32,
18/08/25,0,196,184,47,0,13,0,0,0,0,38,0,0,48,26,22,27,20,5,20,0,0,0,12,0,20,50,0,0,0,0,19,
19/08/25,,,,,,,,,,,,,,,,,,,,,,,,,,86,90,0,0,61,5,29,
20/08/25,0,188,163,50,0,61,0,0,0,1,58,0,0,24,5,14,11,4,6,9,0,0,0,0,13,90,65,0,0,56,0,20,
21/08/25,0,186,163,84,0,37,0,0,0,0,57,0,0,19,0,6,3,0,0,1,0,0,0,0,7,72,66,0,0,47,8,38,
22/08/25,0,180,163,98,0,49,0,0,0,0,38,0,0,5,0,10,15,0,8,0,0,0,0,0,0,68,53,0,0,32,50,31,
28/08/25,0,95,10,128,0,79,0,0,0,118,0,0,0,34,0,20,27,0,8,0,2,0,2,4,0,56,19,0,0,32,25,45,
29/08/25,0,149,1,48,0,86,0,0,0,77,0,0,0,0,0,0,18,1,200,0,0,0,0,0,0,50,30,0,0,43,4,31,
01/09/25,0,156,0,117,0,99,0,0,0,61,0,0,0,0,0,0,10,0,33,0,0,0,0,0,0,45,0,0,0,14,5,46,
02/09/25,0,147,0,109,0,78,0,0,0,65,0,0,0,39,0,0,21,0,36,0,0,0,0,0,0,38,0,0,0,7,0,39,
03/09/25,0,145,0,124,0,83,0,0,0,59,0,0,0,33,10,34,17,0,25,0,0,0,0,0,0,27,38,0,0,50,0,36,
04/09/25,0,123,56,123,0,73,0,0,0,56,0,0,0,21,1,17,17,5,21,16,0,0,0,0,0,0,0,0,0,41,0,25,
05/09/25,0,110,80,111,0,62,0,0,0,23,1,0,0,6,1,2,17,0,21,16,0,0,0,0,0,22,0,0,0,33,50,15,
08/09/25,0,129,80,109,0,62,0,0,0,12,0,0,0,22,1,1,41,6,20,16,0,0,0,0,0,41,35,0,0,37,19,36,
09/09/25,,,,,,,,,,,,,,,,,,,,,,,,,,30,7,0,0,32,11,15,
10/09/25,0,0,0,114,0,61,0,0,0,10,40,0,0,0,0,0,0,0,0,0,0,0,0,0,0,25,2,0,0,0,33,36,
11/09/25,0,0,69,114,0,85,0,21,0,2,0,0,0,31,2,0,26,3,7,0,0,0,0,0,0,0,9,0,0,12,16,25,
12/09/25,0,0,57,87,0,86,0,0,0,0,0,0,0,13,0,0,18,0,0,0,0,0,0,0,0,0,24,0,0,4,0,7,
15/09/25,0,0,57,86,0,116,0,0,0,0,0,0,0,0,4,0,15,5,9,2,0,0,0,0,0,50,50,0,0,0,0,0,
16/09/25,219,69,57,80,0,148,0,0,0,0,0,0,0,11,0,0,8,0,0,0,0,0,0,0,0,24,116,0,0,0,12,30,
17/09/25,62,201,57,121,0,153,0,0,0,0,39,0,0,0,10,0,0,0,0,0,0,0,0,0,0,26,74,0,0,48,0,19,
18/09/25,154,10,58,110,0,184,0,18,0,0,61,0,0,10,5,0,3,0,6,0,0,0,0,0,0,0,43,0,0,32,0,5,
19/09/25,196,59,58,115,0,152,0,12,0,16,16,0,0,0,0,0,0,0,0,0,0,0,0,0,0,0,20,0,0,6,28,32,
22/09/25,141,50,57,98,0,151,0,26,0,0,0,0,0,0,0,0,0,0,0,0,0,0,0,0,0,12,27,0,0,0,16,20,
23/09/25,150,50,57,98,0,136,0,0,0,27,1,0,0,0,20,20,40,0,0,0,0,0,0,0,0,5,21,0,0,0,11,17,
24/09/25,142,135,57,98,0,126,0,0,0,13,0,0,0,0,13,20,20,0,25,0,0,0,0,0,0,5,18,0,0,0,0,6,
25/09/25,137,237,57,97,0,117,0,0,0,21,30,0,0,0,0,0,22,8,0,6,0,0,0,0,0,5,18,0,0,0,0,0,
26/09/25,132,237,57,59,0,102,0,0,0,20,11,0,0,5,0,0,16,0,0,0,0,0,0,0,0,4,18,0,0,0,42,32,
29/09/25,130,274,57,60,0,152,21,26,0,27,0,0,0,0,0,0,10,0,0,0,0,0,0,0,0,5,18,0,0,0,5,18,
30/09/25,126,234,57,53,0,137,26,0,0,36,44,0,0,4,6,3,17,0,6,0,0,0,0,0,0,5,22,0,0,0,0,4,
01/10/25,124,230,57,53,0,137,28,0,0,35,78,0,0,0,0,1,30,0,28,0,0,0,0,0,0,0,12,0,0,0,0,4,
02/10/25,124,230,57,53,0,137,28,0,0,35,79,0,0,0,0,0,20,0,8,0,0,0,0,0,0,0,12,0,0,0,0,0,
03/10/25,98,220,57,35,0,109,12,0,0,1,66,0,0,0,0,0,0,0,0,0,0,0,0,0,0,0,0,0,0,0,0,0,
06/10/25,76,263,57,35,0,131,11,26,0,27,85,0,0,60,0,111,0,0,29,0,0,0,0,0,0,0,11,0,0,0,0,0,
07/10/25,,,,,,,,,,,,,,,,,,,,,,,,,,0,11,0,0,0,0,0,
08/10/25,240,261,57,24,0,125,28,9,52,0,95,0,0,21,0,19,0,0,0,0,0,0,0,0,0,0,11,0,0,15,0,0,
09/10/25,,,,,,,,,,,,,,,,,,,,,,,,,,0,41,0,0,76,25,39,
13/10/25,,,,,,,,,,,,,,,,,,,,,,,,,,50,41,0,0,70,10,25,
14/10/25,263,250,0,35,0,104,28,0,0,0,46,0,0,0,0,0,0,0,0,0,0,0,0,0,0,45,111,0,0,83,59,38,
15/10/25,,,,,,,,,,,,,,,,,,,,,,,,,,95,161,0,0,110,86,68,
16/10/25,260,243,0,62,0,114,40,0,15,0,0,0,0,81,0,56,42,0,46,0,10,0,0,0,0,143,159,0,0,149,122,75,
17/10/25,250,242,0,51,0,101,23,0,0,0,0,0,0,62,0,59,43,0,59,0,5,0,0,0,0,143,109,0,0,143,105,62,
20/10/25,,,,,,,,,,,,,,,,,,,,,,,,,,133,153,0,0,140,85,80,
21/10/25,240,225,0,158,0,100,30,0,0,0,0,0,0,34,78,54,25,0,42,18,5,0,0,0,0,165,153,0,0,151,153,87,
22/10/25,201,224,0,172,0,100,34,0,0,0,0,0,0,34,71,47,23,0,42,17,5,0,0,0,0,201,191,0,0,104,149,94,
23/10/25,238,221,0,371,0,100,33,0,0,0,0,0,0,32,96,47,23,0,43,17,5,0,0,0,0,242,188,0,0,115,185,119,
24/10/25,230,220,0,129,0,92,45,0,0,0,0,0,0,19,56,32,13,0,33,7,5,0,0,0,0,232,198,0,0,118,140,112,
27/10/25,230,219,0,171,0,100,62,0,0,0,0,0,0,19,56,32,13,0,33,7,5,0,0,0,0,257,210,0,0,110,148,104,
14/07/25,180,168,0,0,0,0,0,0,0,0,0,0,0,0,0,0,2,0,0,0,0,0,0,0,0,60,50,0,0,12,0,0,
28/10/25,217,215,0,170,0,100,60,0,0,0,31,0,0,28,30,17,33,0,28,19,5,0,0,0,0,258,205,0,0,113,140,46,
29/10/25,207,206,0,185,0,100,68,0,0,0,103,0,0,31,17,0,23,0,19,24,5,0,0,0,0,244,200,0,0,102,127,87,
30/10/25,204,206,0,164,0,100,38,0,0,0,123,0,0,31,17,0,23,0,19,25,0,0,0,0,0,216,167,0,0,101,117,77,
31/10/25,193,203,0,156,0,100,77,0,0,0,145,0,0,31,0,0,18,0,10,10,0,0,0,0,0,215,144,0,0,98,99,57,
03/11/25,202,168,0,142,0,109,61,18,0,0,156,0,0,31,0,20,18,0,10,10,0,0,0,0,0,120,117,0,0,96,53,48,
04/11/25,206,164,0,142,0,109,74,10,0,38,142,0,0,16,0,0,10,0,0,0,5,0,0,0,0,166,110,0,0,93,77,43,
05/11/25,185,185,0,117,0,108,75,12,0,53,140,27,0,16,0,0,10,0,18,0,5,0,0,0,0,151,88,0,0,89,69,37,
06/11/25,179,184,0,142,0,131,83,8,0,48,140,27,0,16,0,0,20,0,18,0,5,0,0,0,0,139,78,0,0,87,64,33,
07/11/25,161,182,100,150,0,136,75,5,0,47,139,52,0,0,0,0,10,0,4,0,5,0,0,0,0,100,73,0,0,85,54,25,
10/11/25,161,182,162,144,0,134,59,5,0,23,102,52,0,19,11,0,31,0,4,0,5,0,0,0,0,61,27,0,0,70,45,21,
11/11/25,150,180,132,138,0,133,57,0,26,13,119,41,0,8,0,0,16,0,4,0,0,0,0,0,0,77,27,0,0,82,45,21,
12/11/25,150,180,131,136,0,133,65,0,38,12,118,40,0,25,13,0,36,0,4,20,0,0,0,0,0,77,32,0,0,74,36,14,
13/11/25,148,179,129,135,0,133,65,23,54,12,118,40,0,25,0,0,36,0,5,14,0,0,0,0,0,59,36,0,0,70,32,14,
14/11/25,145,175,199,136,0,125,77,100,48,6,112,38,0,12,0,0,26,0,0,4,0,0,0,0,0,59,16,0,0,59,17,2,
17/11/25,31,168,380,136,0,122,66,0,15,0,67,0,0,13,0,0,38,0,0,0,0,0,0,0,0,59,36,0,0,60,0,0,
18/11/25,131,168,380,126,0,122,66,75,15,0,67,0,0,13,0,0,38,0,0,0,0,0,0,0,0,59,36,0,0,60,0,26,
19/11/25,131,168,117,120,0,121,64,79,12,0,54,0,0,9,0,0,46,0,0,0,0,0,0,0,0,27,50,0,0,54,28,25,
20/11/25,131,167,112,124,0,121,64,67,15,0,91,0,0,20,40,35,46,0,0,0,0,0,0,0,0,63,50,0,0,50,118,21,
21/11/25,131,144,106,114,0,111,64,49,6,0,78,28,0,17,15,12,26,0,35,0,0,0,0,0,0,53,91,0,0,42,115,20,
25/11/25,131,160,106,109,0,106,60,30,6,0,54,2,0,17,15,12,27,0,35,0,0,0,0,0,0,97,111,0,0,34,75,8,
26/11/25,107,154,105,110,0,95,59,29,6,0,152,0,0,23,5,25,16,0,18,20,0,0,0,0,0,18,24,0,0,32,84,0,
27/11/25,106,152,106,111,0,95,59,29,6,0,153,2,0,28,0,25,16,0,18,20,0,0,0,0,0,40,45,0,0,32,170,58,
28/11/25,96,139,100,112,0,92,56,53,0,0,113,0,0,28,30,8,26,15,25,5,0,0,0,0,0,51,25,0,0,28,218,76,
01/12/25,97,135,171,111,0,91,45,21,0,0,100,0,0,25,8,0,26,6,15,0,0,0,0,0,0,0,22,0,0,25,154,74,
02/12/25,97,135,162,111,0,90,45,21,0,0,100,0,0,45,28,0,24,25,15,21,16,0,0,0,0,0,0,0,0,20,207,68,
03/12/25,97,135,161,142,0,91,45,18,0,0,92,0,0,34,17,45,26,17,5,21,8,0,0,0,0,51,70,0,0,20,193,62,
04/12/25,95,133,156,154,0,91,45,18,0,0,105,0,0,34,17,46,17,17,35,14,8,0,0,0,0,102,44,0,0,21,176,64,
05/12/25,80,132,232,119,0,74,28,0,0,0,63,0,0,12,0,9,7,13,31,0,0,0,0,0,0,72,49,0,0,2,154,74,
09/12/25,75,127,220,220,0,76,22,0,0,0,58,0,0,34,20,23,20,13,27,0,0,0,0,0,0,14,52,0,0,0,138,136,
10/12/25,75,127,220,117,0,75,23,22,0,0,93,0,0,32,22,17,27,33,22,20,10,0,0,0,0,3,70,0,0,50,123,80,
11/12/25,73,126,233,118,0,77,23,22,0,0,130,0,0,17,22,17,7,7,7,12,10,0,0,0,0,0,61,0,0,47,166,76,
12/12/25,69,114,229,112,0,70,15,38,0,0,113,0,0,21,0,0,7,7,2,6,10,0,0,0,0,31,0,0,0,33,181,90,
15/12/25,163,110,227,112,0,53,2,17,0,0,76,0,0,24,0,0,17,7,17,16,10,0,0,0,0,10,0,0,0,23,161,65,
16/12/25,161,109,226,132,0,50,2,17,0,0,75,0,0,26,5,21,34,7,17,16,10,0,0,0,0,2,18,0,0,20,144,61,
17/12/25,160,103,205,147,0,50,2,17,0,0,72,0,0,21,0,0,33,7,14,16,10,0,0,0,0,31,18,0,0,20,133,50,
18/12/25,142,98,217,137,0,51,22,17,0,0,64,0,0,20,0,0,33,7,15,17,10,0,0,0,0,18,44,0,0,11,92,2,
20/12/25,141,98,218,117,0,36,37,31,0,0,40,0,0,12,11,53,24,6,1,13,10,0,0,0,0,,,,,,,,
22/12/25,137,81,206,5,0,32,37,31,0,0,30,0,0,0,11,32,24,0,0,0,5,0,0,0,0,0,0,0,0,53,52,63,
23/12/25,,,,,,,,,,,,,,,,,,,,,,,,,,0,0,0,0,46,47,49,
26/12/25,123,87,179,162,0,31,52,51,0,0,56,0,0,18,3,3,37,1,7,0,0,0,0,0,0,63,100,0,0,61,77,38,
27/12/25,122,84,176,139,0,20,41,27,0,0,17,0,0,20,4,4,37,0,7,0,0,0,0,0,0,,,,,,,,
29/12/25,121,83,176,138,0,20,34,27,0,0,17,0,0,22,0,4,37,1,0,0,0,0,0,0,0,25,49,0,0,56,68,30,
30/12/25,103,83,174,138,0,20,24,44,0,0,31,0,0,22,0,21,36,9,20,0,0,0,0,0,0,21,41,0,0,78,111,55,
02/01/26,103,168,168,138,0,19,24,37,54,0,35,0,0,24,17,34,25,3,39,0,10,0,0,0,0,71,42,0,0,69,93,46,0
05/01/26,103,163,166,117,0,0,7,29,31,0,9,0,0,19,33,20,19,0,40,0,10,0,0,0,0,19,27,0,0,63,79,35,0
06/01/26,101,284,166,117,0,0,7,29,17,0,0,0,0,20,21,19,11,14,41,4,5,0,0,0,0,57,36,0,0,108,77,32,0
07/01/26,90,260,158,116,0,0,5,26,51,0,0,0,0,1,0,5,11,0,7,4,10,0,0,0,0,122,143,0,0,106,75,25,10
08/01/26,89,271,147,115,0,0,0,20,77,0,57,0,0,41,0,27,11,0,28,4,0,0,0,0,0,294,210,0,0,100,157,14,16
09/01/26,78,242,145,133,0,21,9,18,74,0,54,0,0,36,0,21,11,0,25,4,0,0,0,0,0,298,260,6,0,93,98,0,4
12/01/26,77,266,144,124,0,46,10,7,42,0,7,0,0,31,0,11,21,0,21,0,10,0,0,0,0,268,101,0,0,89,133,0,0
13/01/26,75,254,120,94,0,0,0,43,0,0,0,0,0,11,14,11,0,18,21,10,0,0,0,0,0,274,206,0,0,89,121,0,0
14/01/26,,,,,,,,,,,,,,,,,,,,,,,,,,265,78,0,0,89,125,0,
15/01/26,70,252,160,80,0,54,1,41,30,0,46,0,0,0,7,1,6,3,14,0,0,0,0,0,0,270,194,0,0,84,119,0,0
16/01/26,61,247,134,77,0,41,7,29,25,0,46,0,0,10,26,1,6,0,14,0,0,0,0,0,0,361,234,0,0,83,104,0,0
19/01/26,46,152,160,73,0,41,5,26,25,0,35,0,0,25,0,1,10,0,11,0,0,0,0,0,0,211,223,0,0,80,101,0,0
20/01/26,57,259,130,76,0,41,0,21,15,58,23,0,0,30,0,20,5,10,0,10,0,0,0,0,0,303,175,0,0,79,99,0,0
21/01/26,57,257,194,78,0,40,6,20,15,57,22,0,0,6,0,0,5,3,0,3,0,0,0,0,0,255,126,0,0,74,90,0,0
22/01/26,49,255,191,78,0,40,49,17,15,54,18,0,0,21,7,11,19,10,17,10,0,0,0,0,0,237,217,0,0,61,69,0,0
23/01/26,39,245,183,75,0,25,45,0,2,23,0,0,0,41,0,0,8,0,18,0,0,0,0,0,0,221,117,0,0,61,69,0,141
26/01/26,38,244,183,70,0,24,,0,1,20,55,0,0,25,0,0,0,0,5,0,0,0,0,0,0,254,181,0,0,60,43,53,174
27/01/26,27,231,183,74,0,24,44,0,1,10,40,0,0,10,5,0,0,0,5,0,0,0,0,0,0,221,217,0,0,59,43,42,155
28/01/26,26,230,300,60,0,15,52,0,1,9,37,0,0,5,0,0,0,0,0,5,0,0,0,0,0,215,176,0,0,58,35,35,155
29/01/26,24,230,284,64,0,38,55,0,0,0,27,0,0,1,0,0,0,0,28,0,0,0,0,0,0,221,186,0,0,58,0,34,164
30/01/26,24,230,284,55,0,34,42,0,0,0,70,0,0,1,0,0,0,0,28,0,0,0,0,0,0,272,186,0,0,47,0,13,164
02/02/26,20,227,281,55,0,34,42,0,0,0,67,0,0,28,2,18,5,38,0,0,0,0,0,0,0,249,144,0,0,95,0,8,171
03/02/26,86,225,281,55,0,33,40,0,0,0,64,0,0,8,5,12,15,5,23,0,0,0,0,0,0,255,145,0,0,95,137,8,170
04/02/26,187,209,305,55,0,55,40,0,0,0,49,0,0,8,5,12,15,5,23,14,0,0,0,0,0,254,145,0,0,106,226,8,196
05/02/26,184,205,303,55,0,55,56,0,0,0,46,0,0,22,21,8,15,5,20,14,0,0,0,0,0,252,82,0,0,42,125,103,197
06/02/26,179,202,302,38,0,38,67,0,0,0,21,0,0,22,11,0,10,20,5,10,0,0,0,0,0,238,122,0,0,80,222,50,189
09/02/26,174,198,302,36,0,84,49,0,0,0,10,0,0,10,7,0,21,8,13,4,9,0,0,0,0,232,119,0,0,78,113,122,171
10/02/26,174,198,302,36,0,82,49,0,0,0,0,0,0,3,27,0,33,0,21,0,0,0,0,0,0,232,119,0,0,78,203,188,171
11/02/26,160,186,,30,0,70,,,,,,0,0,,,,,,,,,,,,,221,118,0,0,67,159,174,
12/02/26,154,182,290,28,0,72,64,0,29,0,0,0,0,29,35,20,33,0,36,0,0,0,0,0,0,228,118,0,0,63,154,163,155
13/02/26,,,,,,,,,,,,,,,,,,,,,,,,,,179,65,0,0,50,141,132,
18/02/26,128,168,271,6,0,54,44,0,48,0,13,0,0,8,8,0,25,0,52,12,0,0,0,0,0,227,72,0,0,50,134,145,149
23/02/26,116,162,268,6,0,42,38,55,52,34,37,32,0,3,0,65,2,0,31,0,0,0,0,0,0,,,,,,,,119
24/02/26,115,161,268,6,0,42,38,24,52,67,37,32,0,26,20,74,3,0,101,0,0,0,0,0,0,224,70,0,0,35,54,109,117
25/02/26,104,151,268,6,0,40,50,9,37,49,19,14,0,11,0,42,30,0,88,4,0,0,0,0,0,233,61,0,0,30,84,118,113
26/02/26,99,149,265,0,0,39,49,49,38,46,48,37,0,25,5,37,30,22,86,4,0,0,0,0,0,233,61,0,0,46,80,113,107
27/02/26,,,,,,,,,,,,,,,,,,,,,,,,,,243,61,0,0,36,67,96,
02/03/26,91,142,255,2,0,26,38,29,18,62,24,18,0,20,1,32,0,0,76,0,0,0,0,0,0,279,68,0,0,36,40,89,85
03/03/26,91,137,240,2,0,26,38,19,10,47,9,3,0,0,0,22,1,0,74,0,0,0,0,0,0,146,2,0,0,48,93,94,83
04/03/26,90,136,240,2,0,26,38,10,10,47,59,12,0,22,23,23,21,28,74,0,0,0,0,0,0,136,0,0,0,52,91,86,83
05/03/26,,,,,,,,,,,,,,,,,,,,,,,,,,136,47,0,0,43,92,84,
06/03/26,73,125,237,1,0,17,37,39,10,47,54,40,0,1,20,2,9,14,60,0,10,0,0,0,0,105,33,0,0,36,70,76,74
09/03/26,70,111,234,1,0,12,25,21,0,24,18,55,0,0,0,0,9,8,36,0,5,0,0,0,0,159,21,0,0,34,68,66,69
11/03/26,69,110,234,1,0,12,24,18,0,21,15,55,0,3,0,0,9,8,33,0,5,0,0,0,0,6,0,0,0,30,50,60,65
12/03/26,277,109,234,1,0,12,24,18,0,21,48,55,0,3,21,0,9,8,33,0,5,0,0,0,0,,,,,,,,62
13/03/26,270,107,230,1,0,4,38,6,0,71,27,43,0,0,0,0,0,0,30,0,0,0,0,0,0,42,62,0,0,22,4,47,54
16/03/26,267,104,227,1,0,2,46,6,0,102,64,41,0,0,9,0,10,0,27,0,0,0,0,0,0,93,61,0,0,16,6,35,49
17/03/26,267,104,227,6,0,2,36,7,0,121,86,27,0,0,0,6,4,0,27,0,1,0,0,0,0,95,64,0,0,16,24,86,47
18/03/26,267,103,227,26,0,2,48,5,0,121,138,27,0,0,10,4,14,10,25,0,1,0,0,0,0,135,48,0,0,10,18,75,43
19/03/26,,,,,,,,,,,,,,,,,,,,,,,,,,196,48,0,0,5,76,76,
20/03/26,251,91,218,51,0,0,48,0,0,121,217,0,0,0,0,0,14,0,13,0,1,0,0,0,0,186,37,0,0,33,15,73,22
23/03/26,,,,,,,,,,,,,,,,,,,,,,,,,,210,31,0,0,36,53,42,
25/03/26,243,86,215,33,0,0,38,24,49,102,136,17,0,8,0,0,14,0,5,0,0,0,0,0,0,165,50,0,0,44,33,59,23
26/03/26,227,78,209,60,0,0,35,38,59,94,147,2,0,0,0,0,0,0,0,0,0,0,0,0,0,112,86,0,0,41,29,53,26
27/03/26,222,74,209,70,0,0,35,66,141,94,147,2,0,0,0,0,0,0,0,0,0,0,0,0,0,204,87,0,0,31,12,37,22
30/03/26,,,,,,,,,,,,,,,,,,,,,,,,,,200,81,0,0,20,0,17,
31/03/26,213,66,204,159,0,0,22,43,123,79,110,3,0,0,24,41,4,10,10,0,0,0,0,0,0,179,67,0,0,20,50,17,71
01/04/26,209,63,204,189,0,0,14,41,111,67,97,3,0,35,1,30,27,20,6,0,5,0,0,0,0,179,63,0,0,17,40,5,51
06/04/26,206,61,201,205,0,50,3,28,104,76,76,3,0,6,0,4,1,1,0,0,0,0,0,0,0,173,48,0,0,9,59,83,83
07/04/26,262,56,192,180,0,140,3,28,104,44,74,3,0,6,0,4,1,1,0,0,0,0,0,0,0,162,30,0,0,4,35,71,103
08/04/26,278,34,190,264,0,113,3,22,106,47,58,3,0,6,15,0,3,4,0,0,5,0,0,0,0,144,6,0,0,37,12,51,95
09/04/26,265,31,178,221,0,142,3,17,99,43,68,31,0,0,25,0,8,0,0,0,0,0,0,0,0,94,6,0,0,32,4,51,93
10/04/26,265,31,178,253,0,185,0,17,99,43,43,76,0,17,25,0,18,10,0,0,0,0,0,0,0,123,59,0,0,32,31,50,94
13/04/26,256,26,170,251,0,212,0,0,67,9,90,42,0,0,0,0,0,0,3,0,3,0,0,0,0,116,64,0,0,57,16,38,77
14/04/26,251,25,167,249,0,174,0,0,67,10,121,42,0,7,20,0,0,10,23,0,3,0,0,0,0,103,79,0,0,25,0,26,83
15/04/26,244,22,189,252,0,237,0,23,66,8,119,13,0,25,38,0,20,10,20,0,3,0,0,0,0,80,82,0,0,52,52,22,83
16/04/26,238,12,190,240,0,236,0,1,80,80,118,26,0,13,16,0,20,2,7,0,0,0,0,0,0,70,56,0,0,94,39,11,65
17/04/26,232,12,185,228,0,219,38,0,32,57,68,26,0,16,15,0,20,0,7,0,0,0,0,0,0,26,55,0,0,86,0,31,65
20/04/26,222,0,90,182,0,181,13,0,32,43,57,4,0,13,0,0,20,23,24,0,0,0,0,0,0,0,42,0,0,86,0,24,34
21/04/26,209,0,78,190,0,339,14,0,32,40,57,13,0,5,24,20,20,23,21,0,0,0,0,0,0,0,37,0,0,84,48,24,42
22/04/26,,,,178,0,454,13,0,32,45,55,11,0,6,3,0,16,23,21,0,0,0,0,0,0,,,,,,,,30
23/04/26,212,0,161,175,0,436,12,0,31,38,53,13,0,24,30,17,20,23,18,0,0,0,0,0,0,,,,,,,,28
24/04/26,144,0,173,198,0,412,11,0,23,37,47,9,0,0,35,7,15,23,13,0,0,0,0,0,0,30,0,0,0,92,1,1,25
27/04/26,188,0,157,195,0,319,0,0,5,16,12,0,0,17,20,5,15,23,11,0,0,0,0,0,0,45,0,0,0,86,0,29,29
28/04/26,186,170,157,199,0,386,0,0,5,18,12,0,0,17,20,5,15,23,20,0,0,0,0,0,0,41,50,0,0,86,20,28,28
29/04/26,181,243,163,196,0,383,0,0,0,43,0,0,0,17,12,48,15,19,11,0,0,0,0,0,0,18,21,0,0,80,54,20,5
30/04/26,263,151,156,197,0,394,0,0,0,69,0,0,0,30,16,34,13,29,11,0,0,0,0,0,0,61,60,0,0,75,40,11,25
04/05/26,166,230,145,226,0,362,0,0,0,70,78,0,0,16,0,2,3,14,18,0,0,0,0,0,0,47,31,0,0,94,11,26,13
05/05/26,163,228,144,200,0,393,0,0,0,70,145,0,0,16,0,2,3,14,18,0,0,0,0,0,0,34,70,0,0,78,18,17,8
06/05/26,152,217,129,221,0,221,0,58,0,61,136,0,0,8,0,22,13,8,12,0,0,0,0,0,0,19,93,0,0,84,63,52,0
07/05/26,147,210,128,224,0,353,0,74,0,123,132,0,0,2,11,19,6,1,12,0,0,0,0,0,0,1,80,0,0,74,37,31,0
08/05/26,142,207,123,224,0,355,0,71,0,185,101,0,0,22,17,26,16,11,22,0,0,0,0,0,0,22,49,0,0,68,24,23,0
11/05/26,138,206,123,208,0,346,0,42,0,168,75,0,0,15,24,20,10,6,12,0,0,0,0,0,0,1,80,0,0,67,7,8,0
12/05/26,137,206,123,208,0,343,0,42,0,168,142,0,0,15,27,20,10,6,12,0,0,0,0,0,0,1,91,0,0,67,61,24,0
13/05/26,123,203,124,239,0,345,0,38,30,163,132,0,0,8,7,19,10,6,9,0,2,0,0,0,0,43,117,0,0,67,90,62,0
14/05/26,166,197,72,209,0,345,0,38,61,227,132,0,0,19,11,15,10,15,9,0,1,,,,,,,,,,,,0
15/05/26,147,190,72,201,0,279,0,22,77,249,111,0,0,23,20,11,4,8,7,0,0,0,0,0,0,60,37,0,0,47,66,5,0
18/05/26,103,187,113,201,0,339,32,0,53,234,64,0,0,16,14,3,14,1,1,0,0,0,0,0,0,81,16,0,0,44,27,22,0
19/05/26,99,171,112,201,0,330,32,27,53,232,58,16,0,23,2,0,14,1,0,0,0,0,0,0,0,,,,,,,,0
20/05/26,132,168,72,200,0,338,30,79,52,232,61,15,0,20,0,0,14,1,0,0,0,0,0,0,0,70,61,0,0,41,22,19,0
21/05/26,104,168,100,200,0,337,30,132,48,225,55,10,0,40,10,0,14,11,4,0,0,0,0,0,0,72,91,0,0,41,50,20,0
22/05/26,99,165,100,192,0,272,16,121,35,209,101,0,0,40,7,17,14,11,1,0,0,0,0,0,0,65,63,0,0,35,29,4,0
26/05/26,86,156,87,191,0,333,9,109,47,197,89,0,0,65,38,20,7,3,22,0,0,0,0,0,0,40,30,0,0,24,0,0,0
27/05/26,85,151,86,191,,333,6,109,47,197,134,0,,61,0,25,7,3,19,0,0,,,0,0,27,30,0,0,24,0,0,0
28/05/26,79,150,84,131,,333,23,109,78,197,134,0,,65,0,45,17,3,19,0,0,,,0,0,26,32,0,0,20,0,0,0
29/05/26,73,149,84,166,,303,24,32,110,120,125,0,,53,0,36,16,0,13,0,0,,,0,0,76,78,0,0,13,0,0,0
01/06/26,14,91,0,165,,300,24,33,142,119,57,0,,45,0,24,15,0,3,0,0,,,0,0,73,78,0,0,15,36,37,25
02/06/26,14,91,0,162,,249,24,33,142,113,47,0,,38,10,22,10,0,0,0,0,,,0,0,,,,,,,,
03/06/26,14,90,0,157,,197,24,33,142,109,115,0,,44,20,26,9,0,0,0,0,,,0,0,50,0,0,0,26,0,1,
04/06/26,14,97,0,89,,138,24,33,142,109,217,0,,29,8,26,9,0,0,0,0,,,0,0,52,0,0,0,19,0,0,39
05/06/26,9,97,0,89,,231,24,33,142,108,208,0,,26,0,31,9,10,0,0,0,,,0,0,52,50,0,0,9,0,0,29
08/06/26,25,81,18,73,,197,24,33,142,107,356,0,,25,0,7,0,0,0,0,0,,,0,0,22,50,0,0,26,14,0,27
09/06/26,100,100,0,63,,197,24,33,142,95,348,0,,25,0,7,0,0,0,0,0,,,0,0,52,50,0,0,47,0,0,28
10/06/26,229,92,18,63,,197,22,33,141,93,276,0,,24,0,7,0,0,0,0,0,,,0,0,80,66,0,0,44,41,46,20
11/06/26,109,91,0,33,,197,22,33,141,150,345,0,,24,30,27,20,20,20,0,0,,,0,0,42,40,0,0,8,7,11,7
12/06/26,190,91,0,98,,185,21,31,141,150,276,0,,15,9,15,13,12,18,0,0,,,0,0,80,70,0,0,24,0,0,0
16/06/26,125,10,0,164,,151,21,25,52,62,113,0,,10,0,11,7,4,1,0,0,,,0,0,5,73,0,0,14,0,0,0
17/06/26,125,9,0,166,,191,19,23,52,98,111,0,,6,0,25,7,4,1,0,0,,,0,0,0,74,0,0,13,0,0,0
18/06/26,126,9,18,160,,191,27,23,52,98,111,60,,36,50,25,37,14,18,0,0,,,0,0,30,54,0,0,44,0,0,0
19/06/26,124,8,10,191,,134,32,18,50,95,95,50,,34,31,32,37,26,16,0,0,,,0,0,27,45,0,0,43,0,0,21
22/06/26,123,8,10,183,,94,30,18,49,94,73,47,,37,28,23,23,16,0,0,0,,,0,0,82,30,0,0,24,0,0,18
23/06/26,123,8,10,192,,181,30,83,49,92,141,47,,37,8,1,22,15,0,0,0,,,0,0,82,30,0,0,24,20,20,18
24/06/26,124,0,10,189,,181,28,80,49,88,101,36,,31,19,15,21,16,26,0,0,,,0,0,72,26,0,0,35,19,40,23
25/06/26,124,0,10,259,,179,28,80,49,88,101,34,,31,27,26,22,16,20,0,0,,,0,0,70,0,0,0,39,19,43,22
26/06/26,116,0,9,254,,172,41,65,59,124,96,34,,29,23,15,22,26,20,0,0,,,0,0,130,0,0,0,56,30,38,3
29/06/26,127,0,9,247,,166,56,75,105,124,92,34,,14,25,27,23,16,16,0,0,,,0,0,101,25,0,0,46,20,23,0
30/06/26,96,85,10,236,,159,50,74,95,115,111,24,,25,12,25,22,8,0,0,0,,,0,0,188,23,0,0,40,0,19,0
01/07/26,82,72,0,240,,131,108,98,76,116,68,0,,21,28,16,23,8,0,0,0,,,0,0,133,50,0,0,41,30,15,0
02/07/26,75,103,2,263,,131,63,11,36,37,30,24,,21,28,7,14,0,0,0,0,,,0,0,102,48,0,0,33,37,0,0
03/07/26,77,48,0,208,,148,63,12,39,0,47,24,,17,43,1,14,0,19,0,0,,,0,0,32,,0,0,30,,0,0
06/07/26,44,151,0,253,,149,60,12,38,0,20,24,,26,57,12,2,0,9,0,0,,,0,0,63,1,0,0,29,56,30,0
07/07/26,77,151,2,224,,139,60,9,40,14,87,23,,22,36,12,2,6,6,0,0,,,0,0,,,,,,,,0
08/07/26,82,151,2,195,,145,71,31,110,14,88,24,,22,36,39,22,20,16,0,0,,,0,0,3,41,0,0,37,10,0,0
10/07/26,81,134,2,139,,74,63,19,32,124,170,14,,,21,8,22,10,,,,,,,,,,,,,,,
13/07/26,38,134,2,213,,125,60,19,29,123,168,6,,0,1,4,22,10,7,8,0,,,0,0,0,0,0,0,0,0,0,
14/07/26,70,142,2,200,,82,60,19,22,177,155,0,,15,1,3,18,6,6,0,0,,,0,0,,,0,0,,,,0
16/07/26,30,144,2,197,,102,46,13,18,166,153,0,,0,24,11,3,0,24,0,0,,,0,0,72,0,0,0,36,0,24,0
17/07/26,,72,2,91,,64,19,13,18,89,153,0,,0,18,8,5,0,27,0,0,,,0,0,,,,,,,,0
20/07/26,54,84,0,81,,0,19,0,74,149,187,0,,0,22,29,0,0,31,9,11,,,,,,,,,,,,
21/07/26,37,86,72,69,,0,10,0,64,131,179,0,,25,0,1,0,0,22,1,10,,,0,0,42,29,0,0,0,0,21,0
22/07/26,42,74,83,82,,3,10,0,64,137,207,0,,25,0,8,0,18,25,24,11,,,0,0,42,29,0,0,0,0,21,0
23/07/26,39,57,68,73,,3,6,0,56,84,158,18,,1,22,0,0,0,9,6,0,,,0,0,0,0,0,0,39,40,7,
24/07/26,0,9,13,16,,3,1,10,6,84,35,43,,1,10,11,0,2,12,6,0,,,0,0,20,44,0,0,27,3,0,
27/07/26,,,,,,,,,,,,,,,,,,,,,,,,,,88,9,0,0,23,15,34,